snapshot_time,data_classification,req_id,requisition_created_date,department,urgency,category,business_need,estimated_value_usd,budget_status,single_source_flag,approval_route,approval_status,supplier_id,supplier_name,supplier_country,supplier_risk_tier,supplier_onboarding_status,supplier_screening_status,critical_supplier_flag,contract_id,contract_title,contract_status,contract_start_date,contract_end_date,contract_remaining_value_usd,contract_auto_renewal_flag,contract_notice_days,po_id,po_order_date,po_promised_date,po_status,po_total_value_usd,currency,buyer_team,cost_center,po_line_count,ordered_quantity_total,line_amount_total_usd,item_summary,receipt_id,receipt_date,received_quantity_total,receipt_completion_pct,receipt_quality_status,receiving_location,receipt_note,invoice_id,invoice_date,invoice_amount_usd,invoice_match_status,invoice_exception_type,invoice_variance_usd,invoice_due_date,payment_status,performance_period,on_time_delivery_pct,quality_acceptance_pct,invoice_accuracy_pct,open_issue_count,composite_score,supplier_performance_risk_flag,days_overdue_as_of_snapshot,po_overdue_flag,contract_expired_flag,contract_expiring_90d_flag,invoice_exception_flag,overall_attention_flag,attention_reasons
2026-08-12T10:00:00+08:00,SYNTHETIC INTERNAL DEMO,REQ-0001,2/1/2026,Engineering,NORMAL,MRO Parts,MRO Parts operational requirement 0001,393215.16,BUDGETED,N,Business VP,APPROVED,SUP-001,Aero Supply 01,Malaysia,LOW,APPROVED,CLEARED,Y,CTR-001,MRO Parts Framework 01,EXPIRING,1/1/2024,4/9/2026,184973.78,N,60,PO-0001,5/1/2026,6/8/2026,OPEN,71463.8,USD,MRO Parts Buying Team,CC-002,3,6,71463.8,Hydraulic pump assembly; Brake wear kit; Cabin pressure sensor,GR-0001,11/8/2026,6,100,REJECTED,KUL-MRO,Synthetic quality rejection - engineering review required,INV-0001,20/1/2026,74679.67,EXCEPTION,PRICE_VARIANCE,3215.87,19/2/2026,ON_HOLD,1/8/2026,88.3,96.9,93.2,0,92.5,GREEN,6,Y,N,Y,Y,Y,OVERDUE_PO;CONTRACT_EXPIRING_90D;RECEIPT_REJECTED;INVOICE_PRICE_VARIANCE
2026-08-12T10:00:00+08:00,SYNTHETIC INTERNAL DEMO,REQ-0002,7/1/2026,Flight Operations,NORMAL,Fuel,Fuel operational requirement 0002,1455584.08,BUDGETED,N,Chief Procurement Officer,APPROVED,SUP-004,Altitude Supply 04,United Kingdom,LOW,APPROVED,CLEARED,N,CTR-002,Fuel Framework 02,EXPIRING,24/1/2024,12/9/2026,239082.17,N,90,PO-0002,11/1/2026,5/8/2026,OPEN,22825,USD,Fuel Buying Team,CC-003,3,16500,22825,Fuel quality inspection; Into-plane service; Fuel farm access fee,GR-0002,4/8/2026,16500,100,ACCEPTED,KUL-CARGO,Receipt recorded,INV-0002,27/1/2026,22825,MATCHED,NONE,0,26/2/2026,SCHEDULED,1/8/2026,88.9,92.4,97.2,1,92.2,GREEN,7,Y,N,Y,N,Y,OVERDUE_PO;CONTRACT_EXPIRING_90D
2026-08-12T10:00:00+08:00,SYNTHETIC INTERNAL DEMO,REQ-0003,12/1/2026,Airport Operations,NORMAL,Ground Handling,Ground Handling operational requirement 0003,21015.33,BUDGETED,N,Department Manager,APPROVED,SUP-007,Wingtip Supply 07,United Arab Emirates,LOW,APPROVED,CLEARED,N,CTR-003,Ground Handling Framework 03,EXPIRING,16/2/2024,20/9/2026,86534.73,N,30,PO-0003,17/1/2026,4/8/2026,PARTIALLY_RECEIVED,14636.93,USD,Ground Handling Buying Team,CC-004,3,12,14636.93,Pushback service; Load-control service; Ramp handling service,GR-0003,2/8/2026,8.52,71,ACCEPTED,SIN-OPS,Receipt recorded,INV-0003,3/2/2026,14636.93,MATCHED,NONE,0,5/3/2026,SCHEDULED,1/8/2026,90.4,96.9,95.5,0,94,GREEN,8,Y,N,Y,N,Y,OVERDUE_PO;CONTRACT_EXPIRING_90D
2026-08-12T10:00:00+08:00,SYNTHETIC INTERNAL DEMO,REQ-0004,17/1/2026,Inflight Services,NORMAL,Catering,Catering operational requirement 0004,45145.08,BUDGETED,N,Department Director,APPROVED,SUP-010,Terminal Supply 10,Singapore,MEDIUM,APPROVED,CLEARED,Y,CTR-004,Catering Framework 04,EXPIRING,10/3/2024,28/9/2026,267934.75,N,60,PO-0004,23/1/2026,3/8/2026,OPEN,22552.48,USD,Catering Buying Team,CC-005,3,15,22552.48,Catering uplift service; Economy meal set; Crew meal set,GR-0004,31/7/2026,15,100,ACCEPTED,BKK-OPS,Receipt recorded,INV-0004,10/2/2026,22552.48,MATCHED,NONE,0,12/3/2026,SCHEDULED,1/8/2026,83.3,85.6,92.7,1,86.5,AMBER,9,Y,N,Y,N,Y,OVERDUE_PO;CONTRACT_EXPIRING_90D
2026-08-12T10:00:00+08:00,SYNTHETIC INTERNAL DEMO,REQ-0005,22/1/2026,Digital,URGENT,IT and Cloud,IT and Cloud operational requirement 0005,138594.43,BUDGETED,N,Business VP,APPROVED,SUP-013,Runway Services 13,United States,HIGH,APPROVED,CLEARED,N,CTR-005,IT and Cloud Framework 05,EXPIRING,2/4/2024,6/10/2026,228008.37,N,90,PO-0005,29/1/2026,2/8/2026,OPEN,52239.78,USD,IT and Cloud Buying Team,CC-006,3,18,52239.78,Cloud compute subscription; Endpoint security licence; Network equipment,GR-0005,2/8/2026,18,100,ACCEPTED,KUL-MRO,Receipt recorded,INV-0005,17/2/2026,52239.78,MATCHED,NONE,0,19/3/2026,PAID,1/8/2026,74.7,82.5,89.9,3,81.2,RED,10,Y,N,Y,N,Y,OVERDUE_PO;CONTRACT_EXPIRING_90D;SUPPLIER_HIGH_RISK;SCORECARD_RED
2026-08-12T10:00:00+08:00,SYNTHETIC INTERNAL DEMO,REQ-0006,27/1/2026,Corporate Services,NORMAL,Facilities,Facilities operational requirement 0006,119235.41,BUDGETED,N,Business VP,APPROVED,SUP-016,Jetstream Services 16,Japan,LOW,APPROVED,CLEARED,N,CTR-006,Facilities Framework 06,EXPIRING,25/4/2024,14/10/2026,494898.92,Y,30,PO-0006,4/2/2026,1/8/2026,PARTIALLY_RECEIVED,32561.71,USD,Facilities Buying Team,CC-007,3,21,32561.71,Terminal office cleaning; Ground power inspection; Lighting maintenance,GR-0006,31/7/2026,13.23,63,ACCEPTED,KUL-CARGO,Receipt recorded,INV-0006,24/2/2026,32561.71,MATCHED,NONE,0,26/3/2026,SCHEDULED,1/8/2026,94.6,98,95.9,1,96.1,GREEN,11,Y,N,Y,N,Y,OVERDUE_PO;CONTRACT_EXPIRING_90D
2026-08-12T10:00:00+08:00,SYNTHETIC INTERNAL DEMO,REQ-0007,1/2/2026,Engineering,NORMAL,Uniforms,Uniforms operational requirement 0007,142975.2,BUDGETED,N,Business VP,APPROVED,SUP-019,Cloudline Services 19,Thailand,LOW,APPROVED,CLEARED,Y,CTR-007,Uniforms Framework 07,EXPIRING,18/5/2024,22/10/2026,247366.36,N,60,PO-0007,10/2/2026,31/7/2026,OPEN,29645.45,USD,Uniforms Buying Team,CC-008,3,24,29645.45,Ground staff uniform set; Safety footwear; Pilot uniform set,GR-0007,29/7/2026,24,100,ACCEPTED,SIN-OPS,Receipt recorded,INV-0007,3/3/2026,29645.45,MATCHED,NONE,0,2/4/2026,SCHEDULED,1/8/2026,85.3,93.1,98.1,0,91.2,AMBER,12,Y,N,Y,N,Y,OVERDUE_PO;CONTRACT_EXPIRING_90D
2026-08-12T10:00:00+08:00,SYNTHETIC INTERNAL DEMO,REQ-0008,6/2/2026,Flight Operations,NORMAL,Professional Services,Professional Services operational requirement 0008,142574.86,BUDGETED,N,Business VP,APPROVED,SUP-022,Nimbus Logistics 22,Germany,LOW,APPROVED,CLEARED,N,CTR-008,Professional Services Framework 08,EXPIRING,10/6/2024,30/10/2026,734603.89,N,90,PO-0008,16/2/2026,30/7/2026,OPEN,24520.04,USD,Professional Services Buying Team,CC-009,3,27,24520.04,Legal advisory; Technical consulting; Audit support,GR-0008,27/7/2026,27,100,ACCEPTED,BKK-OPS,Receipt recorded,INV-0008,10/3/2026,24520.04,MATCHED,NONE,0,9/4/2026,SCHEDULED,1/8/2026,90.2,95.7,94,1,93.1,GREEN,13,Y,N,Y,N,Y,OVERDUE_PO;CONTRACT_EXPIRING_90D
2026-08-12T10:00:00+08:00,SYNTHETIC INTERNAL DEMO,REQ-0009,11/2/2026,Airport Operations,NORMAL,MRO Parts,MRO Parts operational requirement 0009,180313.44,BUDGETED,N,Business VP,PENDING_APPROVAL,SUP-025,Skybridge Logistics 25,Malaysia,MEDIUM,APPROVED,CLEARED,Y,CTR-001,MRO Parts Framework 01,EXPIRING,1/1/2024,4/9/2026,184973.78,N,60,PO-0009,22/2/2026,29/7/2026,PARTIALLY_RECEIVED,230982.33,USD,MRO Parts Buying Team,CC-010,3,30,230982.33,Hydraulic pump assembly; Brake wear kit; Cabin pressure sensor,GR-0009,29/7/2026,16.5,55,ACCEPTED,KUL-MRO,Receipt recorded,INV-0009,17/3/2026,230982.33,MATCHED,NONE,0,16/4/2026,PAID,1/8/2026,81.7,86.3,91.2,1,85.7,AMBER,14,Y,N,Y,N,Y,OVERDUE_PO;CONTRACT_EXPIRING_90D
2026-08-12T10:00:00+08:00,SYNTHETIC INTERNAL DEMO,REQ-0010,16/2/2026,Inflight Services,URGENT,Fuel,Fuel operational requirement 0010,1144102.29,BUDGETED,N,Chief Procurement Officer,APPROVED,SUP-028,Horizon Logistics 28,United Kingdom,LOW,APPROVED,CLEARED,N,CTR-002,Fuel Framework 02,EXPIRING,24/1/2024,12/9/2026,239082.17,N,90,PO-0010,28/2/2026,28/7/2026,OPEN,39330,USD,Fuel Buying Team,CC-011,3,28500,39330,Fuel quality inspection; Into-plane service; Fuel farm access fee,GR-0010,3/8/2026,28500,100,ACCEPTED,KUL-CARGO,Receipt recorded,INV-0010,24/3/2026,39330,MATCHED,NONE,0,23/4/2026,SCHEDULED,1/8/2026,91.2,96,94.8,1,93.8,GREEN,15,Y,N,Y,N,Y,OVERDUE_PO;CONTRACT_EXPIRING_90D
2026-08-12T10:00:00+08:00,SYNTHETIC INTERNAL DEMO,REQ-0011,21/2/2026,Digital,NORMAL,Ground Handling,Ground Handling operational requirement 0011,73885.07,BUDGETED,Y,Department Director,APPROVED,SUP-031,Aero Systems 31,United Arab Emirates,LOW,APPROVED,CLEARED,N,CTR-003,Ground Handling Framework 03,EXPIRING,16/2/2024,20/9/2026,86534.73,N,30,PO-0011,6/3/2026,27/7/2026,OPEN,29068.36,USD,Ground Handling Buying Team,CC-012,3,24,29068.36,Pushback service; Load-control service; Ramp handling service,GR-0011,25/7/2026,24,100,ACCEPTED,SIN-OPS,Receipt recorded,INV-0011,31/3/2026,29068.36,MATCHED,NONE,0,30/4/2026,SCHEDULED,1/8/2026,87.9,97.3,94.9,0,92.9,AMBER,16,Y,N,Y,N,Y,OVERDUE_PO;CONTRACT_EXPIRING_90D
2026-08-12T10:00:00+08:00,SYNTHETIC INTERNAL DEMO,REQ-0012,26/2/2026,Corporate Services,NORMAL,Catering,Catering operational requirement 0012,42771.09,BUDGETED,N,Department Director,APPROVED,SUP-034,Altitude Systems 34,Singapore,LOW,SUSPENDED,HOLD,Y,CTR-004,Catering Framework 04,EXPIRING,10/3/2024,28/9/2026,267934.75,N,60,PO-0012,28/2/2026,26/7/2026,PARTIALLY_RECEIVED,17059.88,USD,Catering Buying Team,CC-013,3,15,17059.88,Catering uplift service; Economy meal set; Crew meal set,GR-0012,23/7/2026,11.85,79,ACCEPTED,BKK-OPS,Receipt recorded,INV-0012,26/3/2026,17401.08,EXCEPTION,QUANTITY_VARIANCE,341.2,25/4/2026,ON_HOLD,1/8/2026,88.1,92.5,94.9,1,91.3,GREEN,17,Y,N,Y,Y,Y,OVERDUE_PO;CONTRACT_EXPIRING_90D;INVOICE_QUANTITY_VARIANCE;SCREENING_HOLD
2026-08-12T10:00:00+08:00,SYNTHETIC INTERNAL DEMO,REQ-0013,3/3/2026,Engineering,NORMAL,IT and Cloud,IT and Cloud operational requirement 0013,84579.89,BUDGETED,N,Department Director,APPROVED,SUP-037,Wingtip Systems 37,United States,LOW,APPROVED,CLEARED,N,CTR-005,IT and Cloud Framework 05,EXPIRING,2/4/2024,6/10/2026,228008.37,N,90,PO-0013,6/3/2026,25/7/2026,OPEN,14883.4,USD,IT and Cloud Buying Team,CC-014,3,6,14883.4,Cloud compute subscription; Endpoint security licence; Network equipment,GR-0013,25/7/2026,6,100,ACCEPTED,KUL-MRO,Receipt recorded,INV-0013,2/4/2026,14883.4,MATCHED,NONE,0,2/5/2026,PAID,1/8/2026,88.7,96.5,95.4,0,93.1,GREEN,18,Y,N,Y,N,Y,OVERDUE_PO;CONTRACT_EXPIRING_90D
2026-08-12T10:00:00+08:00,SYNTHETIC INTERNAL DEMO,REQ-0014,8/3/2026,Flight Operations,NORMAL,Facilities,Facilities operational requirement 0014,135100.09,BUDGETED,N,Business VP,APPROVED,SUP-040,Terminal Systems 40,Japan,MEDIUM,APPROVED,CLEARED,N,CTR-006,Facilities Framework 06,EXPIRING,25/4/2024,14/10/2026,494898.92,Y,30,PO-0014,12/3/2026,24/7/2026,OPEN,8424.17,USD,Facilities Buying Team,CC-015,3,9,8424.17,Terminal office cleaning; Ground power inspection; Lighting maintenance,GR-0014,23/7/2026,9,100,ACCEPTED,KUL-CARGO,Receipt recorded,INV-0014,9/4/2026,8803.26,EXCEPTION,PRICE_VARIANCE,379.09,9/5/2026,ON_HOLD,1/8/2026,79.2,89.1,94,1,86.4,AMBER,19,Y,N,Y,Y,Y,OVERDUE_PO;CONTRACT_EXPIRING_90D;INVOICE_PRICE_VARIANCE
2026-08-12T10:00:00+08:00,SYNTHETIC INTERNAL DEMO,REQ-0015,13/3/2026,Airport Operations,URGENT,Uniforms,Uniforms operational requirement 0015,143421.07,BUDGETED,N,Business VP,APPROVED,SUP-003,Runway Supply 03,Thailand,LOW,APPROVED,CLEARED,Y,CTR-007,Uniforms Framework 07,EXPIRING,18/5/2024,22/10/2026,247366.36,N,60,PO-0015,18/3/2026,23/7/2026,PARTIALLY_RECEIVED,17982.63,USD,Uniforms Buying Team,CC-016,3,12,17982.63,Ground staff uniform set; Safety footwear; Pilot uniform set,GR-0015,21/7/2026,8.52,71,ACCEPTED,SIN-OPS,Receipt recorded,INV-0015,16/4/2026,17982.63,MATCHED,NONE,0,15/6/2026,SCHEDULED,1/8/2026,87.4,91.8,93.7,0,90.5,AMBER,20,Y,N,Y,N,Y,OVERDUE_PO;CONTRACT_EXPIRING_90D
2026-08-12T10:00:00+08:00,SYNTHETIC INTERNAL DEMO,REQ-0016,18/3/2026,Inflight Services,NORMAL,Professional Services,Professional Services operational requirement 0016,130638.57,BUDGETED,N,Business VP,APPROVED,SUP-006,Jetstream Supply 06,Germany,LOW,APPROVED,CLEARED,N,CTR-008,Professional Services Framework 08,EXPIRING,10/6/2024,30/10/2026,734603.89,N,90,PO-0016,24/3/2026,22/7/2026,OPEN,19797.64,USD,Professional Services Buying Team,CC-017,3,15,19797.64,Legal advisory; Technical consulting; Audit support,GR-0016,19/7/2026,15,100,ACCEPTED,BKK-OPS,Receipt recorded,INV-0016,23/4/2026,19797.64,MATCHED,NONE,0,22/6/2026,SCHEDULED,1/8/2026,86.1,97.4,96.5,1,92.7,AMBER,21,Y,N,Y,N,Y,OVERDUE_PO;CONTRACT_EXPIRING_90D
2026-08-12T10:00:00+08:00,SYNTHETIC INTERNAL DEMO,REQ-0017,23/3/2026,Digital,AOG,MRO Parts,Restore aircraft availability for synthetic event AOG-0017,177978.64,BUDGETED,Y,CPO + Accountable Executive,APPROVED,SUP-009,Cloudline Supply 09,Malaysia,LOW,APPROVED,REVIEW_DUE,Y,CTR-001,MRO Parts Framework 01,EXPIRING,1/1/2024,4/9/2026,184973.78,N,60,PO-0017,30/3/2026,21/7/2026,OPEN,116676.62,USD,MRO Parts Buying Team,CC-018,3,18,116676.62,Hydraulic pump assembly; Brake wear kit; Cabin pressure sensor,GR-0017,21/7/2026,18,100,ACCEPTED,KUL-MRO,Receipt recorded,INV-0017,30/4/2026,116676.62,MATCHED,NONE,0,29/6/2026,PAID,1/8/2026,93.6,91.4,98.7,0,94.1,GREEN,22,Y,N,Y,N,Y,AOG_REQUEST;OVERDUE_PO;CONTRACT_EXPIRING_90D;SCREENING_REVIEW_DUE
2026-08-12T10:00:00+08:00,SYNTHETIC INTERNAL DEMO,REQ-0018,28/3/2026,Corporate Services,NORMAL,Fuel,Fuel operational requirement 0018,1717322.43,BUDGETED,N,Chief Procurement Officer,PENDING_APPROVAL,SUP-012,Nimbus Services 12,United Kingdom,LOW,APPROVED,CLEARED,N,CTR-002,Fuel Framework 02,EXPIRING,24/1/2024,12/9/2026,239082.17,N,90,PO-0018,5/4/2026,20/7/2026,PARTIALLY_RECEIVED,38250,USD,Fuel Buying Team,CC-001,3,25500,38250,Fuel quality inspection; Into-plane service; Fuel farm access fee,GR-0018,19/7/2026,16065,63,HOLD,KUL-CARGO,Synthetic inspection hold,INV-0018,7/5/2026,38250,EXCEPTION,MISSING_RECEIPT,0,6/7/2026,ON_HOLD,1/8/2026,86.8,96.1,98.4,1,93,AMBER,23,Y,N,Y,Y,Y,OVERDUE_PO;CONTRACT_EXPIRING_90D;RECEIPT_HOLD;INVOICE_MISSING_RECEIPT
2026-08-12T10:00:00+08:00,SYNTHETIC INTERNAL DEMO,REQ-0019,2/4/2026,Engineering,NORMAL,Ground Handling,Ground Handling operational requirement 0019,77947.85,UNBUDGETED,N,Department Director,APPROVED,SUP-015,Skybridge Services 15,United Arab Emirates,MEDIUM,APPROVED,CLEARED,N,CTR-003,Ground Handling Framework 03,EXPIRING,16/2/2024,20/9/2026,86534.73,N,30,PO-0019,11/4/2026,19/7/2026,OPEN,22278.51,USD,Ground Handling Buying Team,CC-002,3,24,22278.51,Pushback service; Load-control service; Ramp handling service,GR-0019,26/7/2026,24,100,ACCEPTED,SIN-OPS,Receipt recorded,INV-0019,14/5/2026,22278.51,MATCHED,NONE,0,13/7/2026,SCHEDULED,1/8/2026,82.6,85.3,91.9,3,85.9,AMBER,24,Y,N,Y,N,Y,OVERDUE_PO;CONTRACT_EXPIRING_90D
2026-08-12T10:00:00+08:00,SYNTHETIC INTERNAL DEMO,REQ-0020,7/4/2026,Flight Operations,URGENT,Catering,Catering operational requirement 0020,115126.84,BUDGETED,N,Business VP,APPROVED,SUP-018,Horizon Services 18,Singapore,LOW,APPROVED,REVIEW_DUE,Y,CTR-004,Catering Framework 04,EXPIRING,10/3/2024,28/9/2026,267934.75,N,60,PO-0020,17/4/2026,18/7/2026,OPEN,30898.58,USD,Catering Buying Team,CC-003,3,27,30898.58,Catering uplift service; Economy meal set; Crew meal set,GR-0020,15/7/2026,27,100,ACCEPTED,BKK-OPS,Receipt recorded,INV-0020,21/5/2026,30898.58,MATCHED,NONE,0,20/7/2026,SCHEDULED,1/8/2026,91.6,97.1,94.9,1,94.4,GREEN,25,Y,N,Y,N,Y,OVERDUE_PO;CONTRACT_EXPIRING_90D;SCREENING_REVIEW_DUE
2026-08-12T10:00:00+08:00,SYNTHETIC INTERNAL DEMO,REQ-0021,12/4/2026,Airport Operations,NORMAL,IT and Cloud,IT and Cloud operational requirement 0021,36164.69,BUDGETED,N,Department Director,APPROVED,SUP-021,Aero Logistics 21,United States,LOW,APPROVED,CLEARED,N,CTR-005,IT and Cloud Framework 05,EXPIRING,2/4/2024,6/10/2026,228008.37,N,90,PO-0021,23/4/2026,17/7/2026,PARTIALLY_RECEIVED,79360.86,USD,IT and Cloud Buying Team,CC-004,3,30,79360.86,Cloud compute subscription; Endpoint security licence; Network equipment,GR-0021,17/7/2026,16.5,55,ACCEPTED,KUL-MRO,Receipt recorded,INV-0021,28/5/2026,79360.86,MATCHED,NONE,0,27/7/2026,PAID,1/8/2026,91.2,92.7,95.5,0,92.8,GREEN,26,Y,N,Y,N,Y,OVERDUE_PO;CONTRACT_EXPIRING_90D
2026-08-12T10:00:00+08:00,SYNTHETIC INTERNAL DEMO,REQ-0022,17/4/2026,Inflight Services,NORMAL,Facilities,Facilities operational requirement 0022,116472.34,BUDGETED,Y,Business VP,APPROVED,SUP-024,Altitude Logistics 24,Japan,LOW,APPROVED,CLEARED,N,CTR-006,Facilities Framework 06,EXPIRING,25/4/2024,14/10/2026,494898.92,Y,30,PO-0022,29/4/2026,16/7/2026,OPEN,35450.67,USD,Facilities Buying Team,CC-005,3,33,35450.67,Terminal office cleaning; Ground power inspection; Lighting maintenance,GR-0022,15/7/2026,33,100,ACCEPTED,KUL-CARGO,Receipt recorded,INV-0022,4/6/2026,35450.67,MATCHED,NONE,0,3/8/2026,SCHEDULED,1/8/2026,87.9,92.8,95.6,1,91.5,AMBER,27,Y,N,Y,N,Y,OVERDUE_PO;CONTRACT_EXPIRING_90D
2026-08-12T10:00:00+08:00,SYNTHETIC INTERNAL DEMO,REQ-0023,22/4/2026,Digital,NORMAL,Uniforms,Uniforms operational requirement 0023,13027.4,BUDGETED,N,Department Manager,APPROVED,SUP-027,Wingtip Logistics 27,Thailand,LOW,APPROVED,REVIEW_DUE,Y,CTR-007,Uniforms Framework 07,EXPIRING,18/5/2024,22/10/2026,247366.36,N,60,PO-0023,5/5/2026,7/6/2026,OPEN,20488.52,USD,Uniforms Buying Team,CC-006,3,24,20488.52,Ground staff uniform set; Safety footwear; Pilot uniform set,GR-0023,5/6/2026,24,100,ACCEPTED,SIN-OPS,Receipt recorded,INV-0023,11/6/2026,20898.29,EXCEPTION,QUANTITY_VARIANCE,409.77,10/8/2026,ON_HOLD,1/8/2026,89.4,96.8,96.4,0,93.7,GREEN,66,Y,N,Y,Y,Y,OVERDUE_PO;CONTRACT_EXPIRING_90D;INVOICE_QUANTITY_VARIANCE;SCREENING_REVIEW_DUE
2026-08-12T10:00:00+08:00,SYNTHETIC INTERNAL DEMO,REQ-0024,27/4/2026,Corporate Services,NORMAL,Professional Services,Professional Services operational requirement 0024,37344.44,BUDGETED,N,Department Director,APPROVED,SUP-030,Terminal Logistics 30,Germany,MEDIUM,APPROVED,CLEARED,N,CTR-008,Professional Services Framework 08,EXPIRING,10/6/2024,30/10/2026,734603.89,N,90,PO-0024,29/4/2026,2/6/2026,CLOSED,14137.59,USD,Professional Services Buying Team,CC-007,3,15,14137.59,Legal advisory; Technical consulting; Audit support,GR-0024,30/5/2026,15,100,ACCEPTED,BKK-OPS,Receipt recorded,INV-0024,6/6/2026,14137.59,MATCHED,NONE,0,5/8/2026,SCHEDULED,1/8/2026,82,90.4,92.3,3,87.5,AMBER,0,N,N,Y,N,Y,CONTRACT_EXPIRING_90D
2026-08-12T10:00:00+08:00,SYNTHETIC INTERNAL DEMO,REQ-0025,2/5/2026,Engineering,URGENT,MRO Parts,MRO Parts operational requirement 0025,321852.12,BUDGETED,N,Business VP,APPROVED,SUP-033,Runway Systems 33,Malaysia,LOW,APPROVED,CLEARED,Y,CTR-001,MRO Parts Framework 01,EXPIRING,1/1/2024,4/9/2026,184973.78,N,60,PO-0025,5/5/2026,9/6/2026,OPEN,48097.7,USD,MRO Parts Buying Team,CC-008,3,6,48097.7,Hydraulic pump assembly; Brake wear kit; Cabin pressure sensor,GR-0025,9/6/2026,6,100,ACCEPTED,KUL-MRO,Receipt recorded,INV-0025,13/6/2026,48097.7,MATCHED,NONE,0,12/8/2026,PAID,1/8/2026,88.3,91.3,94.9,0,91,GREEN,64,Y,N,Y,N,Y,OVERDUE_PO;CONTRACT_EXPIRING_90D
2026-08-12T10:00:00+08:00,SYNTHETIC INTERNAL DEMO,REQ-0026,7/5/2026,Flight Operations,NORMAL,Fuel,Fuel operational requirement 0026,753518.57,BUDGETED,N,Chief Procurement Officer,APPROVED,SUP-036,Jetstream Systems 36,United Kingdom,LOW,APPROVED,REVIEW_DUE,N,CTR-002,Fuel Framework 02,EXPIRING,24/1/2024,12/9/2026,239082.17,N,90,PO-0026,11/5/2026,16/6/2026,OPEN,33750,USD,Fuel Buying Team,CC-009,3,22500,33750,Fuel quality inspection; Into-plane service; Fuel farm access fee,GR-0026,15/6/2026,22500,100,ACCEPTED,KUL-CARGO,Receipt recorded,INV-0026,20/6/2026,33750,MATCHED,NONE,0,19/8/2026,SCHEDULED,1/8/2026,92.8,95.4,96,1,94.5,GREEN,57,Y,N,Y,N,Y,OVERDUE_PO;CONTRACT_EXPIRING_90D;SCREENING_REVIEW_DUE
2026-08-12T10:00:00+08:00,SYNTHETIC INTERNAL DEMO,REQ-0027,12/5/2026,Airport Operations,NORMAL,Ground Handling,Ground Handling operational requirement 0027,82943.45,BUDGETED,N,Department Director,PENDING_APPROVAL,SUP-039,Cloudline Systems 39,United Arab Emirates,HIGH,APPROVED,CLEARED,N,CTR-003,Ground Handling Framework 03,EXPIRING,16/2/2024,20/9/2026,86534.73,N,30,PO-0027,17/5/2026,23/6/2026,PARTIALLY_RECEIVED,15648.76,USD,Ground Handling Buying Team,CC-010,3,12,15648.76,Pushback service; Load-control service; Ramp handling service,GR-0027,21/6/2026,8.52,71,ACCEPTED,SIN-OPS,Receipt recorded,INV-0027,27/6/2026,16352.95,EXCEPTION,PRICE_VARIANCE,704.19,26/8/2026,ON_HOLD,1/8/2026,70.2,86.2,86.9,5,80,RED,50,Y,N,Y,Y,Y,OVERDUE_PO;CONTRACT_EXPIRING_90D;INVOICE_PRICE_VARIANCE;SUPPLIER_HIGH_RISK;SCORECARD_RED
2026-08-12T10:00:00+08:00,SYNTHETIC INTERNAL DEMO,REQ-0028,17/5/2026,Inflight Services,NORMAL,Catering,Catering operational requirement 0028,131876.29,BUDGETED,N,Business VP,APPROVED,SUP-002,Nimbus Supply 02,Singapore,LOW,APPROVED,CLEARED,Y,CTR-004,Catering Framework 04,EXPIRING,10/3/2024,28/9/2026,267934.75,N,60,PO-0028,23/5/2026,30/6/2026,CLOSED,20705.35,USD,Catering Buying Team,CC-011,3,15,20705.35,Catering uplift service; Economy meal set; Crew meal set,GR-0028,8/7/2026,15,100,ACCEPTED,BKK-OPS,Receipt recorded,INV-0028,4/7/2026,20705.35,MATCHED,NONE,0,18/8/2026,SCHEDULED,1/8/2026,84.9,96,97.5,1,91.9,AMBER,0,N,N,Y,N,Y,CONTRACT_EXPIRING_90D
2026-08-12T10:00:00+08:00,SYNTHETIC INTERNAL DEMO,REQ-0029,22/5/2026,Digital,NORMAL,IT and Cloud,IT and Cloud operational requirement 0029,78589.81,BUDGETED,N,Department Director,APPROVED,SUP-005,Skybridge Supply 05,United States,MEDIUM,APPROVED,CLEARED,N,CTR-005,IT and Cloud Framework 05,EXPIRING,2/4/2024,6/10/2026,228008.37,N,90,PO-0029,29/5/2026,7/7/2026,OPEN,63389.03,USD,IT and Cloud Buying Team,CC-012,3,18,63389.03,Cloud compute subscription; Endpoint security licence; Network equipment,GR-0029,7/7/2026,18,100,ACCEPTED,KUL-MRO,Receipt recorded,INV-0029,11/7/2026,63389.03,MATCHED,NONE,0,25/8/2026,PAID,1/8/2026,86.2,93,91.2,2,89.8,AMBER,36,Y,N,Y,N,Y,OVERDUE_PO;CONTRACT_EXPIRING_90D
2026-08-12T10:00:00+08:00,SYNTHETIC INTERNAL DEMO,REQ-0030,27/5/2026,Corporate Services,URGENT,Facilities,Facilities operational requirement 0030,42407,BUDGETED,N,Department Director,APPROVED,SUP-008,Horizon Supply 08,Japan,LOW,APPROVED,CLEARED,N,CTR-006,Facilities Framework 06,EXPIRING,25/4/2024,14/10/2026,494898.92,Y,30,PO-0030,4/6/2026,14/7/2026,CANCELLED,24498.41,USD,Facilities Buying Team,CC-013,3,21,24498.41,Terminal office cleaning; Ground power inspection; Lighting maintenance,GR-0030,13/7/2026,0,0,ACCEPTED,KUL-CARGO,Receipt recorded,INV-0030,18/7/2026,24498.41,EXCEPTION,DUPLICATE_RISK,0,1/9/2026,ON_HOLD,1/8/2026,89.7,94.4,98.8,1,93.6,GREEN,0,N,N,Y,Y,Y,CONTRACT_EXPIRING_90D;INVOICE_DUPLICATE_RISK
2026-08-12T10:00:00+08:00,SYNTHETIC INTERNAL DEMO,REQ-0031,1/6/2026,Engineering,NORMAL,Uniforms,Uniforms operational requirement 0031,137491.49,BUDGETED,N,Business VP,APPROVED,SUP-011,Aero Services 11,Thailand,LOW,APPROVED,CLEARED,Y,CTR-007,Uniforms Framework 07,EXPIRING,18/5/2024,22/10/2026,247366.36,N,60,PO-0031,10/6/2026,21/7/2026,OPEN,31265.34,USD,Uniforms Buying Team,CC-014,3,24,31265.34,Ground staff uniform set; Safety footwear; Pilot uniform set,GR-0031,19/7/2026,24,100,ACCEPTED,SIN-OPS,Receipt recorded,INV-0031,25/6/2026,31265.34,MATCHED,NONE,0,9/8/2026,SCHEDULED,1/8/2026,91.3,93.3,98.2,0,93.7,GREEN,22,Y,N,Y,N,Y,OVERDUE_PO;CONTRACT_EXPIRING_90D
2026-08-12T10:00:00+08:00,SYNTHETIC INTERNAL DEMO,REQ-0032,6/6/2026,Flight Operations,NORMAL,Professional Services,Professional Services operational requirement 0032,110554.2,BUDGETED,N,Business VP,APPROVED,SUP-014,Altitude Services 14,Germany,LOW,APPROVED,CLEARED,N,CTR-008,Professional Services Framework 08,EXPIRING,10/6/2024,30/10/2026,734603.89,N,90,PO-0032,16/6/2026,28/7/2026,CLOSED,29293.65,USD,Professional Services Buying Team,CC-015,3,27,29293.65,Legal advisory; Technical consulting; Audit support,GR-0032,25/7/2026,27,100,REJECTED,BKK-OPS,Synthetic quality rejection - engineering review required,INV-0032,2/7/2026,29293.65,MATCHED,NONE,0,16/8/2026,SCHEDULED,1/8/2026,85,92.8,93.3,1,89.8,AMBER,0,N,N,Y,N,Y,CONTRACT_EXPIRING_90D;RECEIPT_REJECTED
2026-08-12T10:00:00+08:00,SYNTHETIC INTERNAL DEMO,REQ-0033,11/6/2026,Airport Operations,NORMAL,MRO Parts,MRO Parts operational requirement 0033,72098.66,BUDGETED,Y,Department Director,APPROVED,SUP-017,Wingtip Services 17,Malaysia,LOW,SUSPENDED,HOLD,Y,CTR-001,MRO Parts Framework 01,EXPIRING,1/1/2024,4/9/2026,184973.78,N,60,PO-0033,22/6/2026,4/8/2026,PARTIALLY_RECEIVED,262520.48,USD,MRO Parts Buying Team,CC-016,3,30,262520.48,Hydraulic pump assembly; Brake wear kit; Cabin pressure sensor,GR-0033,4/8/2026,16.5,55,ACCEPTED,KUL-MRO,Receipt recorded,INV-0033,9/7/2026,262520.48,MATCHED,NONE,0,23/8/2026,PAID,1/8/2026,95.3,92.8,95.7,0,94.5,GREEN,8,Y,N,Y,N,Y,OVERDUE_PO;CONTRACT_EXPIRING_90D;SCREENING_HOLD
2026-08-12T10:00:00+08:00,SYNTHETIC INTERNAL DEMO,REQ-0034,16/6/2026,Inflight Services,AOG,Fuel,Restore aircraft availability for synthetic event AOG-0034,1705735.29,BUDGETED,Y,CPO + CFO + Accountable Executive,APPROVED,SUP-020,Terminal Services 20,United Kingdom,MEDIUM,APPROVED,CLEARED,N,CTR-002,Fuel Framework 02,EXPIRING,24/1/2024,12/9/2026,239082.17,N,90,PO-0034,28/6/2026,1/7/2026,OPEN,31200,USD,Fuel Buying Team,CC-017,3,19500,31200,Fuel quality inspection; Into-plane service; Fuel farm access fee,GR-0034,30/6/2026,19500,100,ACCEPTED,KUL-CARGO,Receipt recorded,INV-0034,16/7/2026,31824,EXCEPTION,QUANTITY_VARIANCE,624,30/8/2026,ON_HOLD,1/8/2026,81,88.5,89.6,2,85.8,AMBER,42,Y,N,Y,Y,Y,AOG_REQUEST;OVERDUE_PO;CONTRACT_EXPIRING_90D;INVOICE_QUANTITY_VARIANCE
2026-08-12T10:00:00+08:00,SYNTHETIC INTERNAL DEMO,REQ-0035,21/6/2026,Digital,URGENT,Ground Handling,Ground Handling operational requirement 0035,20284.49,BUDGETED,N,Department Manager,APPROVED,SUP-023,Runway Logistics 23,United Arab Emirates,LOW,APPROVED,CLEARED,N,CTR-003,Ground Handling Framework 03,EXPIRING,16/2/2024,20/9/2026,86534.73,N,30,PO-0035,4/7/2026,14/7/2026,OPEN,19034.06,USD,Ground Handling Buying Team,CC-018,3,24,19034.06,Pushback service; Load-control service; Ramp handling service,GR-0035,12/7/2026,24,100,HOLD,SIN-OPS,Synthetic inspection hold,INV-0035,23/7/2026,19034.06,EXCEPTION,MISSING_RECEIPT,0,6/9/2026,ON_HOLD,1/8/2026,95.3,97.7,94.6,0,96,GREEN,29,Y,N,Y,Y,Y,OVERDUE_PO;CONTRACT_EXPIRING_90D;RECEIPT_HOLD;INVOICE_MISSING_RECEIPT
2026-08-12T10:00:00+08:00,SYNTHETIC INTERNAL DEMO,REQ-0036,26/6/2026,Corporate Services,NORMAL,Catering,Catering operational requirement 0036,57930.49,BUDGETED,N,Department Director,PENDING_APPROVAL,SUP-026,Jetstream Logistics 26,Singapore,HIGH,APPROVED,CLEARED,Y,CTR-004,Catering Framework 04,EXPIRING,10/3/2024,28/9/2026,267934.75,N,60,PO-0036,28/6/2026,9/7/2026,CLOSED,15364.87,USD,Catering Buying Team,CC-001,3,15,15364.87,Catering uplift service; Economy meal set; Crew meal set,GR-0036,6/7/2026,15,100,ACCEPTED,BKK-OPS,Receipt recorded,INV-0036,18/7/2026,15364.87,MATCHED,NONE,0,1/9/2026,SCHEDULED,1/8/2026,70.5,81.9,87.9,4,78.8,RED,0,N,N,Y,N,Y,CONTRACT_EXPIRING_90D;SUPPLIER_HIGH_RISK;SCORECARD_RED
2026-08-12T10:00:00+08:00,SYNTHETIC INTERNAL DEMO,REQ-0037,1/7/2026,Engineering,NORMAL,IT and Cloud,IT and Cloud operational requirement 0037,18808.16,BUDGETED,N,Department Manager,APPROVED,SUP-029,Cloudline Logistics 29,United States,LOW,APPROVED,CLEARED,N,CTR-005,IT and Cloud Framework 05,EXPIRING,2/4/2024,6/10/2026,228008.37,N,90,PO-0037,4/7/2026,16/7/2026,OPEN,13054.83,USD,IT and Cloud Buying Team,CC-002,3,6,13054.83,Cloud compute subscription; Endpoint security licence; Network equipment,GR-0037,25/7/2026,6,100,ACCEPTED,KUL-MRO,Receipt recorded,INV-0037,25/7/2026,13054.83,MATCHED,NONE,0,8/9/2026,PAID,1/8/2026,88.7,96.1,95.9,0,93.1,GREEN,27,Y,N,Y,N,Y,OVERDUE_PO;CONTRACT_EXPIRING_90D
2026-08-12T10:00:00+08:00,SYNTHETIC INTERNAL DEMO,REQ-0038,6/7/2026,Flight Operations,NORMAL,Facilities,Facilities operational requirement 0038,31713.8,UNBUDGETED,N,Department Director,APPROVED,SUP-032,Nimbus Systems 32,Japan,LOW,APPROVED,CLEARED,N,CTR-006,Facilities Framework 06,EXPIRING,25/4/2024,14/10/2026,494898.92,Y,30,PO-0038,10/7/2026,23/7/2026,OPEN,11035.53,USD,Facilities Buying Team,CC-003,3,9,11035.53,Terminal office cleaning; Ground power inspection; Lighting maintenance,GR-0038,22/7/2026,9,100,ACCEPTED,KUL-CARGO,Receipt recorded,INV-0038,1/8/2026,11035.53,MATCHED,NONE,0,15/9/2026,SCHEDULED,1/8/2026,94.5,90.7,97,1,93.8,GREEN,20,Y,N,Y,N,Y,OVERDUE_PO;CONTRACT_EXPIRING_90D
2026-08-12T10:00:00+08:00,SYNTHETIC INTERNAL DEMO,REQ-0039,11/7/2026,Airport Operations,NORMAL,Uniforms,Uniforms operational requirement 0039,14824.12,BUDGETED,N,Department Manager,APPROVED,SUP-035,Skybridge Systems 35,Thailand,MEDIUM,APPROVED,CLEARED,Y,CTR-007,Uniforms Framework 07,EXPIRING,18/5/2024,22/10/2026,247366.36,N,60,PO-0039,16/7/2026,30/7/2026,PARTIALLY_RECEIVED,15690.2,USD,Uniforms Buying Team,CC-004,3,12,15690.2,Ground staff uniform set; Safety footwear; Pilot uniform set,GR-0039,28/7/2026,8.52,71,ACCEPTED,SIN-OPS,Receipt recorded,INV-0039,8/8/2026,15690.2,MATCHED,NONE,0,22/9/2026,SCHEDULED,1/8/2026,85,90,93.1,2,88.8,AMBER,13,Y,N,Y,N,Y,OVERDUE_PO;CONTRACT_EXPIRING_90D
2026-08-12T10:00:00+08:00,SYNTHETIC INTERNAL DEMO,REQ-0040,16/7/2026,Inflight Services,URGENT,Professional Services,Professional Services operational requirement 0040,123704.77,BUDGETED,N,Business VP,APPROVED,SUP-038,Horizon Systems 38,Germany,LOW,APPROVED,CLEARED,N,CTR-008,Professional Services Framework 08,EXPIRING,10/6/2024,30/10/2026,734603.89,N,90,PO-0040,22/7/2026,6/8/2026,CANCELLED,22246.08,USD,Professional Services Buying Team,CC-005,3,15,22246.08,Legal advisory; Technical consulting; Audit support,GR-0040,3/8/2026,0,0,ACCEPTED,BKK-OPS,Receipt recorded,INV-0040,15/8/2026,23247.15,EXCEPTION,PRICE_VARIANCE,1001.07,29/9/2026,ON_HOLD,1/8/2026,86,94.4,98.3,1,92,AMBER,0,N,N,Y,Y,Y,CONTRACT_EXPIRING_90D;INVOICE_PRICE_VARIANCE
2026-08-12T10:00:00+08:00,SYNTHETIC INTERNAL DEMO,REQ-0041,21/7/2026,Digital,NORMAL,MRO Parts,MRO Parts operational requirement 0041,94156.51,BUDGETED,N,Department Director,APPROVED,SUP-001,Aero Supply 01,Malaysia,LOW,APPROVED,CLEARED,Y,CTR-001,MRO Parts Framework 01,EXPIRING,1/1/2024,4/9/2026,184973.78,N,60,PO-0041,28/7/2026,13/8/2026,OPEN,177325.07,USD,MRO Parts Buying Team,CC-006,3,18,177325.07,Hydraulic pump assembly; Brake wear kit; Cabin pressure sensor,GR-0041,13/8/2026,18,100,ACCEPTED,KUL-MRO,Receipt recorded,INV-0041,22/8/2026,177325.07,MATCHED,NONE,0,21/9/2026,PAID,1/8/2026,88.3,96.9,93.2,0,92.5,GREEN,0,N,N,Y,N,Y,CONTRACT_EXPIRING_90D
2026-08-12T10:00:00+08:00,SYNTHETIC INTERNAL DEMO,REQ-0042,26/7/2026,Corporate Services,NORMAL,Fuel,Fuel operational requirement 0042,294443.95,BUDGETED,N,Business VP,APPROVED,SUP-004,Altitude Supply 04,United Kingdom,LOW,APPROVED,CLEARED,N,CTR-002,Fuel Framework 02,EXPIRING,24/1/2024,12/9/2026,239082.17,N,90,PO-0042,3/8/2026,20/8/2026,PARTIALLY_RECEIVED,23210,USD,Fuel Buying Team,CC-007,3,16500,23210,Fuel quality inspection; Into-plane service; Fuel farm access fee,GR-0042,19/8/2026,10395,63,ACCEPTED,KUL-CARGO,Receipt recorded,INV-0042,29/8/2026,23210,MATCHED,NONE,0,28/9/2026,SCHEDULED,1/8/2026,88.9,92.4,97.2,1,92.2,GREEN,0,N,N,Y,N,Y,CONTRACT_EXPIRING_90D
2026-08-12T10:00:00+08:00,SYNTHETIC INTERNAL DEMO,REQ-0043,31/7/2026,Engineering,NORMAL,Ground Handling,Ground Handling operational requirement 0043,92587.71,BUDGETED,N,Department Director,APPROVED,SUP-007,Wingtip Supply 07,United Arab Emirates,LOW,APPROVED,CLEARED,N,CTR-003,Ground Handling Framework 03,EXPIRING,16/2/2024,20/9/2026,86534.73,N,30,PO-0043,9/8/2026,27/8/2026,OPEN,35815.12,USD,Ground Handling Buying Team,CC-008,3,24,35815.12,Pushback service; Load-control service; Ramp handling service,GR-0043,25/8/2026,24,100,ACCEPTED,SIN-OPS,Receipt recorded,INV-0043,5/9/2026,35815.12,MATCHED,NONE,0,5/10/2026,SCHEDULED,1/8/2026,90.4,96.9,95.5,0,94,GREEN,0,N,N,Y,N,Y,CONTRACT_EXPIRING_90D
2026-08-12T10:00:00+08:00,SYNTHETIC INTERNAL DEMO,REQ-0044,2/1/2026,Flight Operations,NORMAL,Catering,Catering operational requirement 0044,121353.8,BUDGETED,Y,Business VP,APPROVED,SUP-010,Terminal Supply 10,Singapore,MEDIUM,APPROVED,CLEARED,Y,CTR-004,Catering Framework 04,EXPIRING,10/3/2024,28/9/2026,267934.75,N,60,PO-0044,12/1/2026,31/1/2026,CLOSED,34078.06,USD,Catering Buying Team,CC-009,3,27,34078.06,Catering uplift service; Economy meal set; Crew meal set,GR-0044,28/1/2026,27,100,ACCEPTED,BKK-OPS,Receipt recorded,INV-0044,9/2/2026,34078.06,MATCHED,NONE,0,11/3/2026,SCHEDULED,1/8/2026,83.3,85.6,92.7,1,86.5,AMBER,0,N,N,Y,N,Y,CONTRACT_EXPIRING_90D
2026-08-12T10:00:00+08:00,SYNTHETIC INTERNAL DEMO,REQ-0045,7/1/2026,Airport Operations,URGENT,IT and Cloud,IT and Cloud operational requirement 0045,128265.83,BUDGETED,N,Business VP,PENDING_APPROVAL,SUP-013,Runway Services 13,United States,HIGH,APPROVED,CLEARED,N,CTR-005,IT and Cloud Framework 05,EXPIRING,2/4/2024,6/10/2026,228008.37,N,90,PO-0045,18/1/2026,7/2/2026,PARTIALLY_RECEIVED,118619.88,USD,IT and Cloud Buying Team,CC-010,3,30,118619.88,Cloud compute subscription; Endpoint security licence; Network equipment,GR-0045,7/2/2026,16.5,55,ACCEPTED,KUL-MRO,Receipt recorded,INV-0045,16/2/2026,120992.28,EXCEPTION,QUANTITY_VARIANCE,2372.4,18/3/2026,ON_HOLD,1/8/2026,74.7,82.5,89.9,3,81.2,RED,186,Y,N,Y,Y,Y,OVERDUE_PO;CONTRACT_EXPIRING_90D;INVOICE_QUANTITY_VARIANCE;SUPPLIER_HIGH_RISK;SCORECARD_RED
2026-08-12T10:00:00+08:00,SYNTHETIC INTERNAL DEMO,REQ-0046,12/1/2026,Inflight Services,NORMAL,Facilities,Facilities operational requirement 0046,63113.59,BUDGETED,N,Department Director,APPROVED,SUP-016,Jetstream Services 16,Japan,LOW,APPROVED,CLEARED,N,CTR-006,Facilities Framework 06,EXPIRING,25/4/2024,14/10/2026,494898.92,Y,30,PO-0046,24/1/2026,14/2/2026,OPEN,37217.54,USD,Facilities Buying Team,CC-011,3,33,37217.54,Terminal office cleaning; Ground power inspection; Lighting maintenance,GR-0046,24/2/2026,33,100,ACCEPTED,KUL-CARGO,Receipt recorded,INV-0046,23/2/2026,37217.54,MATCHED,NONE,0,25/3/2026,SCHEDULED,1/8/2026,94.6,98,95.9,1,96.1,GREEN,179,Y,N,Y,N,Y,OVERDUE_PO;CONTRACT_EXPIRING_90D
2026-08-12T10:00:00+08:00,SYNTHETIC INTERNAL DEMO,REQ-0047,17/1/2026,Digital,NORMAL,Uniforms,Uniforms operational requirement 0047,89380.77,BUDGETED,N,Department Director,APPROVED,SUP-019,Cloudline Services 19,Thailand,LOW,APPROVED,CLEARED,Y,CTR-007,Uniforms Framework 07,EXPIRING,18/5/2024,22/10/2026,247366.36,N,60,PO-0047,30/1/2026,21/2/2026,OPEN,23425.43,USD,Uniforms Buying Team,CC-012,3,24,23425.43,Ground staff uniform set; Safety footwear; Pilot uniform set,GR-0047,19/2/2026,24,100,ACCEPTED,SIN-OPS,Receipt recorded,INV-0047,2/3/2026,23425.43,MATCHED,NONE,0,1/4/2026,SCHEDULED,1/8/2026,85.3,93.1,98.1,0,91.2,AMBER,172,Y,N,Y,N,Y,OVERDUE_PO;CONTRACT_EXPIRING_90D
2026-08-12T10:00:00+08:00,SYNTHETIC INTERNAL DEMO,REQ-0048,22/1/2026,Corporate Services,NORMAL,Professional Services,Professional Services operational requirement 0048,34214.51,BUDGETED,N,Department Director,APPROVED,SUP-022,Nimbus Logistics 22,Germany,LOW,APPROVED,CLEARED,N,CTR-008,Professional Services Framework 08,EXPIRING,10/6/2024,30/10/2026,734603.89,N,90,PO-0048,24/1/2026,16/2/2026,CLOSED,15786.12,USD,Professional Services Buying Team,CC-013,3,15,15786.12,Legal advisory; Technical consulting; Audit support,GR-0048,13/2/2026,15,100,ACCEPTED,BKK-OPS,Receipt recorded,INV-0048,25/2/2026,15786.12,MATCHED,NONE,0,27/3/2026,SCHEDULED,1/8/2026,90.2,95.7,94,1,93.1,GREEN,0,N,N,Y,N,Y,CONTRACT_EXPIRING_90D
2026-08-12T10:00:00+08:00,SYNTHETIC INTERNAL DEMO,REQ-0049,27/1/2026,Engineering,NORMAL,MRO Parts,MRO Parts operational requirement 0049,123487.33,BUDGETED,N,Business VP,APPROVED,SUP-025,Skybridge Logistics 25,Malaysia,MEDIUM,APPROVED,CLEARED,Y,CTR-001,MRO Parts Framework 01,EXPIRING,1/1/2024,4/9/2026,184973.78,N,60,PO-0049,30/1/2026,23/2/2026,OPEN,67301.38,USD,MRO Parts Buying Team,CC-014,3,6,67301.38,Hydraulic pump assembly; Brake wear kit; Cabin pressure sensor,GR-0049,23/2/2026,6,100,ACCEPTED,KUL-MRO,Receipt recorded,INV-0049,4/3/2026,67301.38,MATCHED,NONE,0,3/4/2026,PAID,1/8/2026,81.7,86.3,91.2,1,85.7,AMBER,170,Y,N,Y,N,Y,OVERDUE_PO;CONTRACT_EXPIRING_90D
2026-08-12T10:00:00+08:00,SYNTHETIC INTERNAL DEMO,REQ-0050,1/2/2026,Flight Operations,URGENT,Fuel,Fuel operational requirement 0050,825198.9,BUDGETED,N,Chief Procurement Officer,APPROVED,SUP-028,Horizon Logistics 28,United Kingdom,LOW,APPROVED,CLEARED,N,CTR-002,Fuel Framework 02,EXPIRING,24/1/2024,12/9/2026,239082.17,N,90,PO-0050,5/2/2026,2/3/2026,CANCELLED,43035,USD,Fuel Buying Team,CC-015,3,28500,43035,Fuel quality inspection; Into-plane service; Fuel farm access fee,GR-0050,1/3/2026,0,0,ACCEPTED,KUL-CARGO,Receipt recorded,INV-0050,11/3/2026,43035,MATCHED,NONE,0,10/4/2026,SCHEDULED,1/8/2026,91.2,96,94.8,1,93.8,GREEN,0,N,N,Y,N,Y,CONTRACT_EXPIRING_90D
2026-08-12T10:00:00+08:00,SYNTHETIC INTERNAL DEMO,REQ-0051,6/2/2026,Airport Operations,AOG,Ground Handling,Restore aircraft availability for synthetic event AOG-0051,92205.18,BUDGETED,Y,CPO + Accountable Executive,APPROVED,SUP-031,Aero Systems 31,United Arab Emirates,LOW,APPROVED,CLEARED,N,CTR-003,Ground Handling Framework 03,EXPIRING,16/2/2024,20/9/2026,86534.73,N,30,PO-0051,11/2/2026,13/2/2026,PARTIALLY_RECEIVED,13251.81,USD,Ground Handling Buying Team,CC-016,3,12,13251.81,Pushback service; Load-control service; Ramp handling service,GR-0051,11/2/2026,8.52,71,ACCEPTED,SIN-OPS,Receipt recorded,INV-0051,18/3/2026,13251.81,MATCHED,NONE,0,17/4/2026,SCHEDULED,1/8/2026,87.9,97.3,94.9,0,92.9,AMBER,180,Y,N,Y,N,Y,AOG_REQUEST;OVERDUE_PO;CONTRACT_EXPIRING_90D
2026-08-12T10:00:00+08:00,SYNTHETIC INTERNAL DEMO,REQ-0052,11/2/2026,Inflight Services,NORMAL,Catering,Catering operational requirement 0052,18270.14,BUDGETED,N,Department Manager,APPROVED,SUP-034,Altitude Systems 34,Singapore,LOW,SUSPENDED,HOLD,Y,CTR-004,Catering Framework 04,EXPIRING,10/3/2024,28/9/2026,267934.75,N,60,PO-0052,17/2/2026,16/3/2026,CLOSED,16197.9,USD,Catering Buying Team,CC-017,3,15,16197.9,Catering uplift service; Economy meal set; Crew meal set,GR-0052,13/3/2026,15,100,HOLD,BKK-OPS,Synthetic inspection hold,INV-0052,25/3/2026,16197.9,EXCEPTION,MISSING_RECEIPT,0,24/4/2026,ON_HOLD,1/8/2026,88.1,92.5,94.9,1,91.3,GREEN,0,N,N,Y,Y,Y,CONTRACT_EXPIRING_90D;RECEIPT_HOLD;INVOICE_MISSING_RECEIPT;SCREENING_HOLD
2026-08-12T10:00:00+08:00,SYNTHETIC INTERNAL DEMO,REQ-0053,16/2/2026,Digital,NORMAL,IT and Cloud,IT and Cloud operational requirement 0053,22683.3,BUDGETED,N,Department Manager,APPROVED,SUP-037,Wingtip Systems 37,United States,LOW,APPROVED,CLEARED,N,CTR-005,IT and Cloud Framework 05,EXPIRING,2/4/2024,6/10/2026,228008.37,N,90,PO-0053,23/2/2026,23/3/2026,OPEN,54650.16,USD,IT and Cloud Buying Team,CC-018,3,18,54650.16,Cloud compute subscription; Endpoint security licence; Network equipment,GR-0053,23/3/2026,18,100,ACCEPTED,KUL-MRO,Receipt recorded,INV-0053,1/4/2026,57109.42,EXCEPTION,PRICE_VARIANCE,2459.26,1/5/2026,ON_HOLD,1/8/2026,88.7,96.5,95.4,0,93.1,GREEN,142,Y,N,Y,Y,Y,OVERDUE_PO;CONTRACT_EXPIRING_90D;INVOICE_PRICE_VARIANCE
2026-08-12T10:00:00+08:00,SYNTHETIC INTERNAL DEMO,REQ-0054,21/2/2026,Corporate Services,NORMAL,Facilities,Facilities operational requirement 0054,100394.61,BUDGETED,N,Business VP,PENDING_APPROVAL,SUP-040,Terminal Systems 40,Japan,MEDIUM,APPROVED,CLEARED,N,CTR-006,Facilities Framework 06,EXPIRING,25/4/2024,14/10/2026,494898.92,Y,30,PO-0054,1/3/2026,30/3/2026,PARTIALLY_RECEIVED,25249.64,USD,Facilities Buying Team,CC-001,3,21,25249.64,Terminal office cleaning; Ground power inspection; Lighting maintenance,GR-0054,29/3/2026,13.23,63,ACCEPTED,KUL-CARGO,Receipt recorded,INV-0054,8/4/2026,25249.64,MATCHED,NONE,0,8/5/2026,SCHEDULED,1/8/2026,79.2,89.1,94,1,86.4,AMBER,135,Y,N,Y,N,Y,OVERDUE_PO;CONTRACT_EXPIRING_90D
2026-08-12T10:00:00+08:00,SYNTHETIC INTERNAL DEMO,REQ-0055,26/2/2026,Engineering,URGENT,Uniforms,Uniforms operational requirement 0055,66892.93,BUDGETED,Y,Department Director,APPROVED,SUP-003,Runway Supply 03,Thailand,LOW,APPROVED,CLEARED,Y,CTR-007,Uniforms Framework 07,EXPIRING,18/5/2024,22/10/2026,247366.36,N,60,PO-0055,7/3/2026,6/4/2026,OPEN,30615.37,USD,Uniforms Buying Team,CC-002,3,24,30615.37,Ground staff uniform set; Safety footwear; Pilot uniform set,GR-0055,17/4/2026,24,100,ACCEPTED,SIN-OPS,Receipt recorded,INV-0055,15/4/2026,30615.37,MATCHED,NONE,0,14/6/2026,SCHEDULED,1/8/2026,87.4,91.8,93.7,0,90.5,AMBER,128,Y,N,Y,N,Y,OVERDUE_PO;CONTRACT_EXPIRING_90D
2026-08-12T10:00:00+08:00,SYNTHETIC INTERNAL DEMO,REQ-0056,3/3/2026,Flight Operations,NORMAL,Professional Services,Professional Services operational requirement 0056,110889.49,BUDGETED,N,Business VP,APPROVED,SUP-006,Jetstream Supply 06,Germany,LOW,APPROVED,CLEARED,N,CTR-008,Professional Services Framework 08,EXPIRING,10/6/2024,30/10/2026,734603.89,N,90,PO-0056,13/3/2026,13/4/2026,CLOSED,30281.47,USD,Professional Services Buying Team,CC-003,3,27,30281.47,Legal advisory; Technical consulting; Audit support,GR-0056,10/4/2026,27,100,ACCEPTED,BKK-OPS,Receipt recorded,INV-0056,22/4/2026,30887.1,EXCEPTION,QUANTITY_VARIANCE,605.63,21/6/2026,ON_HOLD,1/8/2026,86.1,97.4,96.5,1,92.7,AMBER,0,N,N,Y,Y,Y,CONTRACT_EXPIRING_90D;INVOICE_QUANTITY_VARIANCE
2026-08-12T10:00:00+08:00,SYNTHETIC INTERNAL DEMO,REQ-0057,8/3/2026,Airport Operations,NORMAL,MRO Parts,MRO Parts operational requirement 0057,310326.23,UNBUDGETED,N,CPO + CFO,APPROVED,SUP-009,Cloudline Supply 09,Malaysia,LOW,APPROVED,REVIEW_DUE,Y,CTR-001,MRO Parts Framework 01,EXPIRING,1/1/2024,4/9/2026,184973.78,N,60,PO-0057,19/3/2026,20/4/2026,PARTIALLY_RECEIVED,313965.08,USD,MRO Parts Buying Team,CC-004,3,30,313965.08,Hydraulic pump assembly; Brake wear kit; Cabin pressure sensor,GR-0057,20/4/2026,16.5,55,ACCEPTED,KUL-MRO,Receipt recorded,INV-0057,29/4/2026,313965.08,MATCHED,NONE,0,28/6/2026,PAID,1/8/2026,93.6,91.4,98.7,0,94.1,GREEN,114,Y,N,Y,N,Y,OVERDUE_PO;CONTRACT_EXPIRING_90D;SCREENING_REVIEW_DUE
2026-08-12T10:00:00+08:00,SYNTHETIC INTERNAL DEMO,REQ-0058,13/3/2026,Inflight Services,NORMAL,Fuel,Fuel operational requirement 0058,271293.74,BUDGETED,N,Business VP,APPROVED,SUP-012,Nimbus Services 12,United Kingdom,LOW,APPROVED,CLEARED,N,CTR-002,Fuel Framework 02,EXPIRING,24/1/2024,12/9/2026,239082.17,N,90,PO-0058,25/3/2026,27/4/2026,OPEN,41310,USD,Fuel Buying Team,CC-005,3,25500,41310,Fuel quality inspection; Into-plane service; Fuel farm access fee,GR-0058,26/4/2026,25500,100,ACCEPTED,KUL-CARGO,Receipt recorded,INV-0058,6/5/2026,41310,MATCHED,NONE,0,5/7/2026,SCHEDULED,1/8/2026,86.8,96.1,98.4,1,93,AMBER,107,Y,N,Y,N,Y,OVERDUE_PO;CONTRACT_EXPIRING_90D
2026-08-12T10:00:00+08:00,SYNTHETIC INTERNAL DEMO,REQ-0059,18/3/2026,Digital,NORMAL,Ground Handling,Ground Handling operational requirement 0059,96755.59,BUDGETED,N,Department Director,APPROVED,SUP-015,Skybridge Services 15,United Arab Emirates,MEDIUM,APPROVED,CLEARED,N,CTR-003,Ground Handling Framework 03,EXPIRING,16/2/2024,20/9/2026,86534.73,N,30,PO-0059,31/3/2026,4/5/2026,OPEN,33376.83,USD,Ground Handling Buying Team,CC-006,3,24,33376.83,Pushback service; Load-control service; Ramp handling service,GR-0059,2/5/2026,24,100,ACCEPTED,SIN-OPS,Receipt recorded,INV-0059,13/5/2026,33376.83,EXCEPTION,DUPLICATE_RISK,0,12/7/2026,ON_HOLD,1/8/2026,82.6,85.3,91.9,3,85.9,AMBER,100,Y,N,Y,Y,Y,OVERDUE_PO;CONTRACT_EXPIRING_90D;INVOICE_DUPLICATE_RISK
2026-08-12T10:00:00+08:00,SYNTHETIC INTERNAL DEMO,REQ-0060,23/3/2026,Corporate Services,URGENT,Catering,Catering operational requirement 0060,34769.28,BUDGETED,N,Department Director,APPROVED,SUP-018,Horizon Services 18,Singapore,LOW,APPROVED,REVIEW_DUE,Y,CTR-004,Catering Framework 04,EXPIRING,10/3/2024,28/9/2026,267934.75,N,60,PO-0060,25/3/2026,29/4/2026,CANCELLED,14213.76,USD,Catering Buying Team,CC-007,3,15,14213.76,Catering uplift service; Economy meal set; Crew meal set,GR-0060,26/4/2026,0,0,ACCEPTED,BKK-OPS,Receipt recorded,INV-0060,8/5/2026,14213.76,MATCHED,NONE,0,7/7/2026,SCHEDULED,1/8/2026,91.6,97.1,94.9,1,94.4,GREEN,0,N,N,Y,N,Y,CONTRACT_EXPIRING_90D;SCREENING_REVIEW_DUE
2026-08-12T10:00:00+08:00,SYNTHETIC INTERNAL DEMO,REQ-0061,28/3/2026,Engineering,NORMAL,IT and Cloud,IT and Cloud operational requirement 0061,142836.72,BUDGETED,N,Business VP,APPROVED,SUP-021,Aero Logistics 21,United States,LOW,APPROVED,CLEARED,N,CTR-005,IT and Cloud Framework 05,EXPIRING,2/4/2024,6/10/2026,228008.37,N,90,PO-0061,31/3/2026,6/5/2026,OPEN,20871.23,USD,IT and Cloud Buying Team,CC-008,3,6,20871.23,Cloud compute subscription; Endpoint security licence; Network equipment,GR-0061,6/5/2026,6,100,ACCEPTED,KUL-MRO,Receipt recorded,INV-0061,15/4/2026,20871.23,MATCHED,NONE,0,14/6/2026,PAID,1/8/2026,91.2,92.7,95.5,0,92.8,GREEN,98,Y,N,Y,N,Y,OVERDUE_PO;CONTRACT_EXPIRING_90D
2026-08-12T10:00:00+08:00,SYNTHETIC INTERNAL DEMO,REQ-0062,2/4/2026,Flight Operations,NORMAL,Facilities,Facilities operational requirement 0062,46568.74,BUDGETED,N,Department Director,APPROVED,SUP-024,Altitude Logistics 24,Japan,LOW,APPROVED,CLEARED,N,CTR-006,Facilities Framework 06,EXPIRING,25/4/2024,14/10/2026,494898.92,Y,30,PO-0062,6/4/2026,13/5/2026,OPEN,9422.07,USD,Facilities Buying Team,CC-009,3,9,9422.07,Terminal office cleaning; Ground power inspection; Lighting maintenance,GR-0062,12/5/2026,9,100,ACCEPTED,KUL-CARGO,Receipt recorded,INV-0062,22/4/2026,9422.07,MATCHED,NONE,0,21/6/2026,SCHEDULED,1/8/2026,87.9,92.8,95.6,1,91.5,AMBER,91,Y,N,Y,N,Y,OVERDUE_PO;CONTRACT_EXPIRING_90D
2026-08-12T10:00:00+08:00,SYNTHETIC INTERNAL DEMO,REQ-0063,7/4/2026,Airport Operations,NORMAL,Uniforms,Uniforms operational requirement 0063,46499.3,BUDGETED,N,Department Director,PENDING_APPROVAL,SUP-027,Wingtip Logistics 27,Thailand,LOW,APPROVED,REVIEW_DUE,Y,CTR-007,Uniforms Framework 07,EXPIRING,18/5/2024,22/10/2026,247366.36,N,60,PO-0063,12/4/2026,20/5/2026,PARTIALLY_RECEIVED,17779.47,USD,Uniforms Buying Team,CC-010,3,12,17779.47,Ground staff uniform set; Safety footwear; Pilot uniform set,GR-0063,18/5/2026,8.52,71,REJECTED,SIN-OPS,Synthetic quality rejection - engineering review required,INV-0063,29/4/2026,17779.47,MATCHED,NONE,0,28/6/2026,SCHEDULED,1/8/2026,89.4,96.8,96.4,0,93.7,GREEN,84,Y,N,Y,N,Y,OVERDUE_PO;CONTRACT_EXPIRING_90D;RECEIPT_REJECTED;SCREENING_REVIEW_DUE
2026-08-12T10:00:00+08:00,SYNTHETIC INTERNAL DEMO,REQ-0064,12/4/2026,Inflight Services,NORMAL,Professional Services,Professional Services operational requirement 0064,98329.7,BUDGETED,N,Department Director,APPROVED,SUP-030,Terminal Logistics 30,Germany,MEDIUM,APPROVED,CLEARED,N,CTR-008,Professional Services Framework 08,EXPIRING,10/6/2024,30/10/2026,734603.89,N,90,PO-0064,18/4/2026,27/5/2026,CLOSED,17642.4,USD,Professional Services Buying Team,CC-011,3,15,17642.4,Legal advisory; Technical consulting; Audit support,GR-0064,8/6/2026,15,100,ACCEPTED,BKK-OPS,Receipt recorded,INV-0064,6/5/2026,17642.4,MATCHED,NONE,0,5/7/2026,SCHEDULED,1/8/2026,82,90.4,92.3,3,87.5,AMBER,0,N,N,Y,N,Y,CONTRACT_EXPIRING_90D
2026-08-12T10:00:00+08:00,SYNTHETIC INTERNAL DEMO,REQ-0065,17/4/2026,Digital,URGENT,MRO Parts,MRO Parts operational requirement 0065,284431.75,BUDGETED,N,Business VP,APPROVED,SUP-033,Runway Systems 33,Malaysia,LOW,APPROVED,CLEARED,Y,CTR-001,MRO Parts Framework 01,EXPIRING,1/1/2024,4/9/2026,184973.78,N,60,PO-0065,24/4/2026,3/6/2026,OPEN,127254.59,USD,MRO Parts Buying Team,CC-012,3,18,127254.59,Hydraulic pump assembly; Brake wear kit; Cabin pressure sensor,GR-0065,3/6/2026,18,100,ACCEPTED,KUL-MRO,Receipt recorded,INV-0065,13/5/2026,127254.59,MATCHED,NONE,0,12/7/2026,PAID,1/8/2026,88.3,91.3,94.9,0,91,GREEN,70,Y,N,Y,N,Y,OVERDUE_PO;CONTRACT_EXPIRING_90D
2026-08-12T10:00:00+08:00,SYNTHETIC INTERNAL DEMO,REQ-0066,22/4/2026,Corporate Services,NORMAL,Fuel,Fuel operational requirement 0066,601417.59,BUDGETED,Y,Chief Procurement Officer,APPROVED,SUP-036,Jetstream Systems 36,United Kingdom,LOW,APPROVED,REVIEW_DUE,N,CTR-002,Fuel Framework 02,EXPIRING,24/1/2024,12/9/2026,239082.17,N,90,PO-0066,30/4/2026,10/6/2026,PARTIALLY_RECEIVED,31650,USD,Fuel Buying Team,CC-013,3,22500,31650,Fuel quality inspection; Into-plane service; Fuel farm access fee,GR-0066,9/6/2026,14175,63,ACCEPTED,KUL-CARGO,Receipt recorded,INV-0066,20/5/2026,33074.25,EXCEPTION,PRICE_VARIANCE,1424.25,19/7/2026,ON_HOLD,1/8/2026,92.8,95.4,96,1,94.5,GREEN,63,Y,N,Y,Y,Y,OVERDUE_PO;CONTRACT_EXPIRING_90D;INVOICE_PRICE_VARIANCE;SCREENING_REVIEW_DUE
2026-08-12T10:00:00+08:00,SYNTHETIC INTERNAL DEMO,REQ-0067,27/4/2026,Engineering,NORMAL,Ground Handling,Ground Handling operational requirement 0067,93655.47,BUDGETED,N,Department Director,APPROVED,SUP-039,Cloudline Systems 39,United Arab Emirates,HIGH,APPROVED,CLEARED,N,CTR-003,Ground Handling Framework 03,EXPIRING,16/2/2024,20/9/2026,86534.73,N,30,PO-0067,6/5/2026,17/6/2026,OPEN,23693.49,USD,Ground Handling Buying Team,CC-014,3,24,23693.49,Pushback service; Load-control service; Ramp handling service,GR-0067,15/6/2026,24,100,ACCEPTED,SIN-OPS,Receipt recorded,INV-0067,27/5/2026,24167.36,EXCEPTION,QUANTITY_VARIANCE,473.87,26/7/2026,ON_HOLD,1/8/2026,70.2,86.2,86.9,5,80,RED,56,Y,N,Y,Y,Y,OVERDUE_PO;CONTRACT_EXPIRING_90D;INVOICE_QUANTITY_VARIANCE;SUPPLIER_HIGH_RISK;SCORECARD_RED
2026-08-12T10:00:00+08:00,SYNTHETIC INTERNAL DEMO,REQ-0068,2/5/2026,Flight Operations,AOG,Catering,Restore aircraft availability for synthetic event AOG-0068,53813.03,BUDGETED,Y,CPO + Accountable Executive,APPROVED,SUP-002,Nimbus Supply 02,Singapore,LOW,APPROVED,CLEARED,Y,CTR-004,Catering Framework 04,EXPIRING,10/3/2024,28/9/2026,267934.75,N,60,PO-0068,12/5/2026,16/5/2026,CLOSED,36176.63,USD,Catering Buying Team,CC-015,3,27,36176.63,Catering uplift service; Economy meal set; Crew meal set,GR-0068,13/5/2026,27,100,ACCEPTED,BKK-OPS,Receipt recorded,INV-0068,3/6/2026,36176.63,MATCHED,NONE,0,18/7/2026,SCHEDULED,1/8/2026,84.9,96,97.5,1,91.9,AMBER,0,N,N,Y,N,Y,AOG_REQUEST;CONTRACT_EXPIRING_90D
2026-08-12T10:00:00+08:00,SYNTHETIC INTERNAL DEMO,REQ-0069,7/5/2026,Airport Operations,NORMAL,IT and Cloud,IT and Cloud operational requirement 0069,76339.17,BUDGETED,N,Department Director,APPROVED,SUP-005,Skybridge Supply 05,United States,MEDIUM,APPROVED,CLEARED,N,CTR-005,IT and Cloud Framework 05,EXPIRING,2/4/2024,6/10/2026,228008.37,N,90,PO-0069,18/5/2026,1/7/2026,PARTIALLY_RECEIVED,82358.93,USD,IT and Cloud Buying Team,CC-016,3,30,82358.93,Cloud compute subscription; Endpoint security licence; Network equipment,GR-0069,1/7/2026,16.5,55,HOLD,KUL-MRO,Synthetic inspection hold,INV-0069,10/6/2026,82358.93,EXCEPTION,MISSING_RECEIPT,0,25/7/2026,ON_HOLD,1/8/2026,86.2,93,91.2,2,89.8,AMBER,42,Y,N,Y,Y,Y,OVERDUE_PO;CONTRACT_EXPIRING_90D;RECEIPT_HOLD;INVOICE_MISSING_RECEIPT
2026-08-12T10:00:00+08:00,SYNTHETIC INTERNAL DEMO,REQ-0070,12/5/2026,Inflight Services,URGENT,Facilities,Facilities operational requirement 0070,103027.72,BUDGETED,N,Business VP,APPROVED,SUP-008,Horizon Supply 08,Japan,LOW,APPROVED,CLEARED,N,CTR-006,Facilities Framework 06,EXPIRING,25/4/2024,14/10/2026,494898.92,Y,30,PO-0070,24/5/2026,3/6/2026,CANCELLED,40885.98,USD,Facilities Buying Team,CC-017,3,33,40885.98,Terminal office cleaning; Ground power inspection; Lighting maintenance,GR-0070,2/6/2026,0,0,ACCEPTED,KUL-CARGO,Receipt recorded,INV-0070,17/6/2026,40885.98,MATCHED,NONE,0,1/8/2026,SCHEDULED,1/8/2026,89.7,94.4,98.8,1,93.6,GREEN,0,N,N,Y,N,Y,CONTRACT_EXPIRING_90D
2026-08-12T10:00:00+08:00,SYNTHETIC INTERNAL DEMO,REQ-0071,17/5/2026,Digital,NORMAL,Uniforms,Uniforms operational requirement 0071,149777.06,BUDGETED,N,Business VP,APPROVED,SUP-011,Aero Services 11,Thailand,LOW,APPROVED,CLEARED,Y,CTR-007,Uniforms Framework 07,EXPIRING,18/5/2024,22/10/2026,247366.36,N,60,PO-0071,30/5/2026,10/6/2026,OPEN,20927.8,USD,Uniforms Buying Team,CC-018,3,24,20927.8,Ground staff uniform set; Safety footwear; Pilot uniform set,GR-0071,8/6/2026,24,100,ACCEPTED,SIN-OPS,Receipt recorded,INV-0071,24/6/2026,20927.8,MATCHED,NONE,0,8/8/2026,SCHEDULED,1/8/2026,91.3,93.3,98.2,0,93.7,GREEN,63,Y,N,Y,N,Y,OVERDUE_PO;CONTRACT_EXPIRING_90D
2026-08-12T10:00:00+08:00,SYNTHETIC INTERNAL DEMO,REQ-0072,22/5/2026,Corporate Services,NORMAL,Professional Services,Professional Services operational requirement 0072,154335.36,BUDGETED,N,Business VP,PENDING_APPROVAL,SUP-014,Altitude Services 14,Germany,LOW,APPROVED,CLEARED,N,CTR-008,Professional Services Framework 08,EXPIRING,10/6/2024,30/10/2026,734603.89,N,90,PO-0072,24/5/2026,5/6/2026,CLOSED,12626.84,USD,Professional Services Buying Team,CC-001,3,15,12626.84,Legal advisory; Technical consulting; Audit support,GR-0072,2/6/2026,15,100,ACCEPTED,BKK-OPS,Receipt recorded,INV-0072,19/6/2026,12626.84,MATCHED,NONE,0,3/8/2026,SCHEDULED,1/8/2026,85,92.8,93.3,1,89.8,AMBER,0,N,N,Y,N,Y,CONTRACT_EXPIRING_90D
2026-08-12T10:00:00+08:00,SYNTHETIC INTERNAL DEMO,REQ-0073,27/5/2026,Engineering,NORMAL,MRO Parts,MRO Parts operational requirement 0073,163835.88,BUDGETED,N,Business VP,APPROVED,SUP-017,Wingtip Services 17,Malaysia,LOW,SUSPENDED,HOLD,Y,CTR-001,MRO Parts Framework 01,EXPIRING,1/1/2024,4/9/2026,184973.78,N,60,PO-0073,30/5/2026,12/6/2026,OPEN,33317.31,USD,MRO Parts Buying Team,CC-002,3,6,33317.31,Hydraulic pump assembly; Brake wear kit; Cabin pressure sensor,GR-0073,17/6/2026,6,100,ACCEPTED,KUL-MRO,Receipt recorded,INV-0073,26/6/2026,33317.31,MATCHED,NONE,0,10/8/2026,PAID,1/8/2026,95.3,92.8,95.7,0,94.5,GREEN,61,Y,N,Y,N,Y,OVERDUE_PO;CONTRACT_EXPIRING_90D;SCREENING_HOLD
2026-08-12T10:00:00+08:00,SYNTHETIC INTERNAL DEMO,REQ-0074,1/6/2026,Flight Operations,NORMAL,Fuel,Fuel operational requirement 0074,632311.33,BUDGETED,N,Chief Procurement Officer,APPROVED,SUP-020,Terminal Services 20,United Kingdom,MEDIUM,APPROVED,CLEARED,N,CTR-002,Fuel Framework 02,EXPIRING,24/1/2024,12/9/2026,239082.17,N,90,PO-0074,5/6/2026,19/6/2026,OPEN,33280,USD,Fuel Buying Team,CC-003,3,19500,33280,Fuel quality inspection; Into-plane service; Fuel farm access fee,GR-0074,18/6/2026,19500,100,ACCEPTED,KUL-CARGO,Receipt recorded,INV-0074,3/7/2026,33280,MATCHED,NONE,0,17/8/2026,SCHEDULED,1/8/2026,81,88.5,89.6,2,85.8,AMBER,54,Y,N,Y,N,Y,OVERDUE_PO;CONTRACT_EXPIRING_90D
2026-08-12T10:00:00+08:00,SYNTHETIC INTERNAL DEMO,REQ-0075,6/6/2026,Airport Operations,URGENT,Ground Handling,Ground Handling operational requirement 0075,117650.47,BUDGETED,N,Business VP,APPROVED,SUP-023,Runway Logistics 23,United Arab Emirates,LOW,APPROVED,CLEARED,N,CTR-003,Ground Handling Framework 03,EXPIRING,16/2/2024,20/9/2026,86534.73,N,30,PO-0075,11/6/2026,26/6/2026,PARTIALLY_RECEIVED,12235.26,USD,Ground Handling Buying Team,CC-004,3,12,12235.26,Pushback service; Load-control service; Ramp handling service,GR-0075,24/6/2026,8.52,71,ACCEPTED,SIN-OPS,Receipt recorded,INV-0075,10/7/2026,12235.26,MATCHED,NONE,0,24/8/2026,SCHEDULED,1/8/2026,95.3,97.7,94.6,0,96,GREEN,47,Y,N,Y,N,Y,OVERDUE_PO;CONTRACT_EXPIRING_90D
2026-08-12T10:00:00+08:00,SYNTHETIC INTERNAL DEMO,REQ-0076,11/6/2026,Inflight Services,NORMAL,Catering,Catering operational requirement 0076,47141.53,UNBUDGETED,N,Department Director,APPROVED,SUP-026,Jetstream Logistics 26,Singapore,HIGH,APPROVED,CLEARED,Y,CTR-004,Catering Framework 04,EXPIRING,10/3/2024,28/9/2026,267934.75,N,60,PO-0076,17/6/2026,3/7/2026,CLOSED,21305.35,USD,Catering Buying Team,CC-005,3,15,21305.35,Catering uplift service; Economy meal set; Crew meal set,GR-0076,30/6/2026,15,100,ACCEPTED,BKK-OPS,Receipt recorded,INV-0076,17/7/2026,21305.35,MATCHED,NONE,0,31/8/2026,SCHEDULED,1/8/2026,70.5,81.9,87.9,4,78.8,RED,0,N,N,Y,N,Y,CONTRACT_EXPIRING_90D;SUPPLIER_HIGH_RISK;SCORECARD_RED
2026-08-12T10:00:00+08:00,SYNTHETIC INTERNAL DEMO,REQ-0077,16/6/2026,Digital,NORMAL,IT and Cloud,IT and Cloud operational requirement 0077,56421.87,BUDGETED,Y,Department Director,APPROVED,SUP-029,Cloudline Logistics 29,United States,LOW,APPROVED,CLEARED,N,CTR-005,IT and Cloud Framework 05,EXPIRING,2/4/2024,6/10/2026,228008.37,N,90,PO-0077,23/6/2026,10/7/2026,OPEN,54096.54,USD,IT and Cloud Buying Team,CC-006,3,18,54096.54,Cloud compute subscription; Endpoint security licence; Network equipment,GR-0077,10/7/2026,18,100,ACCEPTED,KUL-MRO,Receipt recorded,INV-0077,24/7/2026,54096.54,MATCHED,NONE,0,7/9/2026,PAID,1/8/2026,88.7,96.1,95.9,0,93.1,GREEN,33,Y,N,Y,N,Y,OVERDUE_PO;CONTRACT_EXPIRING_90D
2026-08-12T10:00:00+08:00,SYNTHETIC INTERNAL DEMO,REQ-0078,21/6/2026,Corporate Services,NORMAL,Facilities,Facilities operational requirement 0078,93699.44,BUDGETED,N,Department Director,APPROVED,SUP-032,Nimbus Systems 32,Japan,LOW,APPROVED,CLEARED,N,CTR-006,Facilities Framework 06,EXPIRING,25/4/2024,14/10/2026,494898.92,Y,30,PO-0078,29/6/2026,17/7/2026,PARTIALLY_RECEIVED,27005.24,USD,Facilities Buying Team,CC-007,3,21,27005.24,Terminal office cleaning; Ground power inspection; Lighting maintenance,GR-0078,16/7/2026,13.23,63,ACCEPTED,KUL-CARGO,Receipt recorded,INV-0078,31/7/2026,27545.34,EXCEPTION,QUANTITY_VARIANCE,540.1,14/9/2026,ON_HOLD,1/8/2026,94.5,90.7,97,1,93.8,GREEN,26,Y,N,Y,Y,Y,OVERDUE_PO;CONTRACT_EXPIRING_90D;INVOICE_QUANTITY_VARIANCE
2026-08-12T10:00:00+08:00,SYNTHETIC INTERNAL DEMO,REQ-0079,26/6/2026,Engineering,NORMAL,Uniforms,Uniforms operational requirement 0079,86773.11,BUDGETED,N,Department Director,APPROVED,SUP-035,Skybridge Systems 35,Thailand,MEDIUM,APPROVED,CLEARED,Y,CTR-007,Uniforms Framework 07,EXPIRING,18/5/2024,22/10/2026,247366.36,N,60,PO-0079,5/7/2026,24/7/2026,OPEN,29041.76,USD,Uniforms Buying Team,CC-008,3,24,29041.76,Ground staff uniform set; Safety footwear; Pilot uniform set,GR-0079,22/7/2026,24,100,ACCEPTED,SIN-OPS,Receipt recorded,INV-0079,7/8/2026,30348.64,EXCEPTION,PRICE_VARIANCE,1306.88,21/9/2026,ON_HOLD,1/8/2026,85,90,93.1,2,88.8,AMBER,19,Y,N,Y,Y,Y,OVERDUE_PO;CONTRACT_EXPIRING_90D;INVOICE_PRICE_VARIANCE
2026-08-12T10:00:00+08:00,SYNTHETIC INTERNAL DEMO,REQ-0080,1/7/2026,Flight Operations,URGENT,Professional Services,Professional Services operational requirement 0080,104313.11,BUDGETED,N,Business VP,APPROVED,SUP-038,Horizon Systems 38,Germany,LOW,APPROVED,CLEARED,N,CTR-008,Professional Services Framework 08,EXPIRING,10/6/2024,30/10/2026,734603.89,N,90,PO-0080,11/7/2026,31/7/2026,CANCELLED,33694.94,USD,Professional Services Buying Team,CC-009,3,27,33694.94,Legal advisory; Technical consulting; Audit support,GR-0080,28/7/2026,0,0,ACCEPTED,BKK-OPS,Receipt recorded,INV-0080,14/8/2026,33694.94,MATCHED,NONE,0,28/9/2026,SCHEDULED,1/8/2026,86,94.4,98.3,1,92,AMBER,0,N,N,Y,N,Y,CONTRACT_EXPIRING_90D
2026-08-12T10:00:00+08:00,SYNTHETIC INTERNAL DEMO,REQ-0081,6/7/2026,Airport Operations,NORMAL,MRO Parts,MRO Parts operational requirement 0081,51594.04,BUDGETED,N,Department Director,PENDING_APPROVAL,SUP-001,Aero Supply 01,Malaysia,LOW,APPROVED,CLEARED,Y,CTR-001,MRO Parts Framework 01,EXPIRING,1/1/2024,4/9/2026,184973.78,N,60,PO-0081,17/7/2026,7/8/2026,PARTIALLY_RECEIVED,202632.13,USD,MRO Parts Buying Team,CC-010,3,30,202632.13,Hydraulic pump assembly; Brake wear kit; Cabin pressure sensor,GR-0081,7/8/2026,16.5,55,ACCEPTED,KUL-MRO,Receipt recorded,INV-0081,21/8/2026,202632.13,MATCHED,NONE,0,20/9/2026,PAID,1/8/2026,88.3,96.9,93.2,0,92.5,GREEN,5,Y,N,Y,N,Y,OVERDUE_PO;CONTRACT_EXPIRING_90D
2026-08-12T10:00:00+08:00,SYNTHETIC INTERNAL DEMO,REQ-0082,11/7/2026,Inflight Services,NORMAL,Fuel,Fuel operational requirement 0082,1006423.84,BUDGETED,N,Chief Procurement Officer,APPROVED,SUP-004,Altitude Supply 04,United Kingdom,LOW,APPROVED,CLEARED,N,CTR-002,Fuel Framework 02,EXPIRING,24/1/2024,12/9/2026,239082.17,N,90,PO-0082,23/7/2026,14/8/2026,OPEN,19030,USD,Fuel Buying Team,CC-011,3,16500,19030,Fuel quality inspection; Into-plane service; Fuel farm access fee,GR-0082,20/8/2026,16500,100,ACCEPTED,KUL-CARGO,Receipt recorded,INV-0082,28/8/2026,19030,MATCHED,NONE,0,27/9/2026,SCHEDULED,1/8/2026,88.9,92.4,97.2,1,92.2,GREEN,0,N,N,Y,N,Y,CONTRACT_EXPIRING_90D
2026-08-12T10:00:00+08:00,SYNTHETIC INTERNAL DEMO,REQ-0083,16/7/2026,Digital,NORMAL,Ground Handling,Ground Handling operational requirement 0083,37346.55,BUDGETED,N,Department Director,APPROVED,SUP-007,Wingtip Supply 07,United Arab Emirates,LOW,APPROVED,CLEARED,N,CTR-003,Ground Handling Framework 03,EXPIRING,16/2/2024,20/9/2026,86534.73,N,30,PO-0083,29/7/2026,21/8/2026,OPEN,27715.58,USD,Ground Handling Buying Team,CC-012,3,24,27715.58,Pushback service; Load-control service; Ramp handling service,GR-0083,19/8/2026,24,100,ACCEPTED,SIN-OPS,Receipt recorded,INV-0083,4/9/2026,27715.58,MATCHED,NONE,0,4/10/2026,SCHEDULED,1/8/2026,90.4,96.9,95.5,0,94,GREEN,0,N,N,Y,N,Y,CONTRACT_EXPIRING_90D
2026-08-12T10:00:00+08:00,SYNTHETIC INTERNAL DEMO,REQ-0084,21/7/2026,Corporate Services,NORMAL,Catering,Catering operational requirement 0084,36179.51,BUDGETED,N,Department Director,APPROVED,SUP-010,Terminal Supply 10,Singapore,MEDIUM,APPROVED,CLEARED,Y,CTR-004,Catering Framework 04,EXPIRING,10/3/2024,28/9/2026,267934.75,N,60,PO-0084,23/7/2026,16/8/2026,CLOSED,13365.24,USD,Catering Buying Team,CC-013,3,15,13365.24,Catering uplift service; Economy meal set; Crew meal set,GR-0084,13/8/2026,15,100,ACCEPTED,BKK-OPS,Receipt recorded,INV-0084,30/8/2026,13365.24,MATCHED,NONE,0,29/9/2026,SCHEDULED,1/8/2026,83.3,85.6,92.7,1,86.5,AMBER,0,N,N,Y,N,Y,CONTRACT_EXPIRING_90D
2026-08-12T10:00:00+08:00,SYNTHETIC INTERNAL DEMO,REQ-0085,26/7/2026,Engineering,AOG,IT and Cloud,Restore aircraft availability for synthetic event AOG-0085,21715.47,BUDGETED,Y,CPO + Accountable Executive,APPROVED,SUP-013,Runway Services 13,United States,HIGH,APPROVED,CLEARED,N,CTR-005,IT and Cloud Framework 05,EXPIRING,2/4/2024,6/10/2026,228008.37,N,90,PO-0085,29/7/2026,1/8/2026,OPEN,15898.13,USD,IT and Cloud Buying Team,CC-014,3,6,15898.13,Cloud compute subscription; Endpoint security licence; Network equipment,GR-0085,1/8/2026,6,100,ACCEPTED,KUL-MRO,Receipt recorded,INV-0085,6/9/2026,15898.13,MATCHED,NONE,0,6/10/2026,PAID,1/8/2026,74.7,82.5,89.9,3,81.2,RED,11,Y,N,Y,N,Y,AOG_REQUEST;OVERDUE_PO;CONTRACT_EXPIRING_90D;SUPPLIER_HIGH_RISK;SCORECARD_RED
2026-08-12T10:00:00+08:00,SYNTHETIC INTERNAL DEMO,REQ-0086,31/7/2026,Flight Operations,NORMAL,Facilities,Facilities operational requirement 0086,58204.18,BUDGETED,N,Department Director,APPROVED,SUP-016,Jetstream Services 16,Japan,LOW,APPROVED,CLEARED,N,CTR-006,Facilities Framework 06,EXPIRING,25/4/2024,14/10/2026,494898.92,Y,30,PO-0086,4/8/2026,30/8/2026,OPEN,9861.17,USD,Facilities Buying Team,CC-015,3,9,9861.17,Terminal office cleaning; Ground power inspection; Lighting maintenance,GR-0086,29/8/2026,9,100,HOLD,KUL-CARGO,Synthetic inspection hold,INV-0086,13/9/2026,9861.17,EXCEPTION,MISSING_RECEIPT,0,13/10/2026,ON_HOLD,1/8/2026,94.6,98,95.9,1,96.1,GREEN,0,N,N,Y,Y,Y,CONTRACT_EXPIRING_90D;RECEIPT_HOLD;INVOICE_MISSING_RECEIPT
2026-08-12T10:00:00+08:00,SYNTHETIC INTERNAL DEMO,REQ-0087,2/1/2026,Airport Operations,NORMAL,Uniforms,Uniforms operational requirement 0087,99035.33,BUDGETED,N,Department Director,APPROVED,SUP-019,Cloudline Services 19,Thailand,LOW,APPROVED,CLEARED,Y,CTR-007,Uniforms Framework 07,EXPIRING,18/5/2024,22/10/2026,247366.36,N,60,PO-0087,7/1/2026,3/2/2026,PARTIALLY_RECEIVED,11345.77,USD,Uniforms Buying Team,CC-016,3,12,11345.77,Ground staff uniform set; Safety footwear; Pilot uniform set,GR-0087,1/2/2026,8.52,71,ACCEPTED,SIN-OPS,Receipt recorded,INV-0087,17/2/2026,11345.77,MATCHED,NONE,0,19/3/2026,SCHEDULED,1/8/2026,85.3,93.1,98.1,0,91.2,AMBER,190,Y,N,Y,N,Y,OVERDUE_PO;CONTRACT_EXPIRING_90D
2026-08-12T10:00:00+08:00,SYNTHETIC INTERNAL DEMO,REQ-0088,7/1/2026,Inflight Services,NORMAL,Professional Services,Professional Services operational requirement 0088,36682.29,BUDGETED,Y,Department Director,APPROVED,SUP-022,Nimbus Logistics 22,Germany,LOW,APPROVED,CLEARED,N,CTR-008,Professional Services Framework 08,EXPIRING,10/6/2024,30/10/2026,734603.89,N,90,PO-0088,13/1/2026,10/2/2026,CLOSED,17706.55,USD,Professional Services Buying Team,CC-017,3,15,17706.55,Legal advisory; Technical consulting; Audit support,GR-0088,7/2/2026,15,100,ACCEPTED,BKK-OPS,Receipt recorded,INV-0088,24/2/2026,17706.55,EXCEPTION,DUPLICATE_RISK,0,26/3/2026,ON_HOLD,1/8/2026,90.2,95.7,94,1,93.1,GREEN,0,N,N,Y,Y,Y,CONTRACT_EXPIRING_90D;INVOICE_DUPLICATE_RISK
2026-08-12T10:00:00+08:00,SYNTHETIC INTERNAL DEMO,REQ-0089,12/1/2026,Digital,NORMAL,MRO Parts,MRO Parts operational requirement 0089,324535.08,BUDGETED,N,Business VP,APPROVED,SUP-025,Skybridge Logistics 25,Malaysia,MEDIUM,APPROVED,CLEARED,Y,CTR-001,MRO Parts Framework 01,EXPIRING,1/1/2024,4/9/2026,184973.78,N,60,PO-0089,19/1/2026,17/2/2026,OPEN,200637,USD,MRO Parts Buying Team,CC-018,3,18,200637,Hydraulic pump assembly; Brake wear kit; Cabin pressure sensor,GR-0089,17/2/2026,18,100,ACCEPTED,KUL-MRO,Receipt recorded,INV-0089,3/3/2026,204649.74,EXCEPTION,QUANTITY_VARIANCE,4012.74,2/4/2026,ON_HOLD,1/8/2026,81.7,86.3,91.2,1,85.7,AMBER,176,Y,N,Y,Y,Y,OVERDUE_PO;CONTRACT_EXPIRING_90D;INVOICE_QUANTITY_VARIANCE
2026-08-12T10:00:00+08:00,SYNTHETIC INTERNAL DEMO,REQ-0090,17/1/2026,Corporate Services,URGENT,Fuel,Fuel operational requirement 0090,454568.26,BUDGETED,N,Business VP,PENDING_APPROVAL,SUP-028,Horizon Logistics 28,United Kingdom,LOW,APPROVED,CLEARED,N,CTR-002,Fuel Framework 02,EXPIRING,24/1/2024,12/9/2026,239082.17,N,90,PO-0090,25/1/2026,24/2/2026,CANCELLED,43130,USD,Fuel Buying Team,CC-001,3,28500,43130,Fuel quality inspection; Into-plane service; Fuel farm access fee,GR-0090,23/2/2026,0,0,ACCEPTED,KUL-CARGO,Receipt recorded,INV-0090,10/3/2026,43130,MATCHED,NONE,0,9/4/2026,SCHEDULED,1/8/2026,91.2,96,94.8,1,93.8,GREEN,0,N,N,Y,N,Y,CONTRACT_EXPIRING_90D
2026-08-12T10:00:00+08:00,SYNTHETIC INTERNAL DEMO,REQ-0091,22/1/2026,Engineering,NORMAL,Ground Handling,Ground Handling operational requirement 0091,142741.33,BUDGETED,N,Business VP,APPROVED,SUP-031,Aero Systems 31,United Arab Emirates,LOW,APPROVED,CLEARED,N,CTR-003,Ground Handling Framework 03,EXPIRING,16/2/2024,20/9/2026,86534.73,N,30,PO-0091,31/1/2026,3/3/2026,OPEN,33214.46,USD,Ground Handling Buying Team,CC-002,3,24,33214.46,Pushback service; Load-control service; Ramp handling service,GR-0091,10/3/2026,24,100,ACCEPTED,SIN-OPS,Receipt recorded,INV-0091,15/2/2026,33214.46,MATCHED,NONE,0,17/3/2026,SCHEDULED,1/8/2026,87.9,97.3,94.9,0,92.9,AMBER,162,Y,N,Y,N,Y,OVERDUE_PO;CONTRACT_EXPIRING_90D
2026-08-12T10:00:00+08:00,SYNTHETIC INTERNAL DEMO,REQ-0092,27/1/2026,Flight Operations,NORMAL,Catering,Catering operational requirement 0092,97942.49,BUDGETED,N,Department Director,APPROVED,SUP-034,Altitude Systems 34,Singapore,LOW,SUSPENDED,HOLD,Y,CTR-004,Catering Framework 04,EXPIRING,10/3/2024,28/9/2026,267934.75,N,60,PO-0092,6/2/2026,10/3/2026,CLOSED,32122.04,USD,Catering Buying Team,CC-003,3,27,32122.04,Catering uplift service; Economy meal set; Crew meal set,GR-0092,7/3/2026,27,100,ACCEPTED,BKK-OPS,Receipt recorded,INV-0092,22/2/2026,33567.53,EXCEPTION,PRICE_VARIANCE,1445.49,24/3/2026,ON_HOLD,1/8/2026,88.1,92.5,94.9,1,91.3,GREEN,0,N,N,Y,Y,Y,CONTRACT_EXPIRING_90D;INVOICE_PRICE_VARIANCE;SCREENING_HOLD
2026-08-12T10:00:00+08:00,SYNTHETIC INTERNAL DEMO,REQ-0093,1/2/2026,Airport Operations,NORMAL,IT and Cloud,IT and Cloud operational requirement 0093,125031.28,BUDGETED,N,Business VP,APPROVED,SUP-037,Wingtip Systems 37,United States,LOW,APPROVED,CLEARED,N,CTR-005,IT and Cloud Framework 05,EXPIRING,2/4/2024,6/10/2026,228008.37,N,90,PO-0093,12/2/2026,17/3/2026,PARTIALLY_RECEIVED,96246.6,USD,IT and Cloud Buying Team,CC-004,3,30,96246.6,Cloud compute subscription; Endpoint security licence; Network equipment,GR-0093,17/3/2026,16.5,55,ACCEPTED,KUL-MRO,Receipt recorded,INV-0093,1/3/2026,96246.6,MATCHED,NONE,0,31/3/2026,PAID,1/8/2026,88.7,96.5,95.4,0,93.1,GREEN,148,Y,N,Y,N,Y,OVERDUE_PO;CONTRACT_EXPIRING_90D
2026-08-12T10:00:00+08:00,SYNTHETIC INTERNAL DEMO,REQ-0094,6/2/2026,Inflight Services,NORMAL,Facilities,Facilities operational requirement 0094,98010.83,BUDGETED,N,Department Director,APPROVED,SUP-040,Terminal Systems 40,Japan,MEDIUM,APPROVED,CLEARED,N,CTR-006,Facilities Framework 06,EXPIRING,25/4/2024,14/10/2026,494898.92,Y,30,PO-0094,18/2/2026,24/3/2026,OPEN,35492.71,USD,Facilities Buying Team,CC-005,3,33,35492.71,Terminal office cleaning; Ground power inspection; Lighting maintenance,GR-0094,23/3/2026,33,100,REJECTED,KUL-CARGO,Synthetic quality rejection - engineering review required,INV-0094,8/3/2026,35492.71,MATCHED,NONE,0,7/4/2026,SCHEDULED,1/8/2026,79.2,89.1,94,1,86.4,AMBER,141,Y,N,Y,N,Y,OVERDUE_PO;CONTRACT_EXPIRING_90D;RECEIPT_REJECTED
2026-08-12T10:00:00+08:00,SYNTHETIC INTERNAL DEMO,REQ-0095,11/2/2026,Digital,URGENT,Uniforms,Uniforms operational requirement 0095,111643.84,UNBUDGETED,N,CPO + CFO,APPROVED,SUP-003,Runway Supply 03,Thailand,LOW,APPROVED,CLEARED,Y,CTR-007,Uniforms Framework 07,EXPIRING,18/5/2024,22/10/2026,247366.36,N,60,PO-0095,24/2/2026,31/3/2026,OPEN,29402.9,USD,Uniforms Buying Team,CC-006,3,24,29402.9,Ground staff uniform set; Safety footwear; Pilot uniform set,GR-0095,29/3/2026,24,100,ACCEPTED,SIN-OPS,Receipt recorded,INV-0095,15/3/2026,29402.9,MATCHED,NONE,0,14/5/2026,SCHEDULED,1/8/2026,87.4,91.8,93.7,0,90.5,AMBER,134,Y,N,Y,N,Y,OVERDUE_PO;CONTRACT_EXPIRING_90D
2026-08-12T10:00:00+08:00,SYNTHETIC INTERNAL DEMO,REQ-0096,16/2/2026,Corporate Services,NORMAL,Professional Services,Professional Services operational requirement 0096,79281.18,BUDGETED,N,Department Director,APPROVED,SUP-006,Jetstream Supply 06,Germany,LOW,APPROVED,CLEARED,N,CTR-008,Professional Services Framework 08,EXPIRING,10/6/2024,30/10/2026,734603.89,N,90,PO-0096,18/2/2026,26/3/2026,CLOSED,19136.2,USD,Professional Services Buying Team,CC-007,3,15,19136.2,Legal advisory; Technical consulting; Audit support,GR-0096,23/3/2026,15,100,ACCEPTED,BKK-OPS,Receipt recorded,INV-0096,10/3/2026,19136.2,MATCHED,NONE,0,9/5/2026,SCHEDULED,1/8/2026,86.1,97.4,96.5,1,92.7,AMBER,0,N,N,Y,N,Y,CONTRACT_EXPIRING_90D
2026-08-12T10:00:00+08:00,SYNTHETIC INTERNAL DEMO,REQ-0097,21/2/2026,Engineering,NORMAL,MRO Parts,MRO Parts operational requirement 0097,410011.3,BUDGETED,N,Business VP,APPROVED,SUP-009,Cloudline Supply 09,Malaysia,LOW,APPROVED,REVIEW_DUE,Y,CTR-001,MRO Parts Framework 01,EXPIRING,1/1/2024,4/9/2026,184973.78,N,60,PO-0097,24/2/2026,2/4/2026,OPEN,46956.47,USD,MRO Parts Buying Team,CC-008,3,6,46956.47,Hydraulic pump assembly; Brake wear kit; Cabin pressure sensor,GR-0097,2/4/2026,6,100,ACCEPTED,KUL-MRO,Receipt recorded,INV-0097,17/3/2026,46956.47,MATCHED,NONE,0,16/5/2026,PAID,1/8/2026,93.6,91.4,98.7,0,94.1,GREEN,132,Y,N,Y,N,Y,OVERDUE_PO;CONTRACT_EXPIRING_90D;SCREENING_REVIEW_DUE
2026-08-12T10:00:00+08:00,SYNTHETIC INTERNAL DEMO,REQ-0098,26/2/2026,Flight Operations,NORMAL,Fuel,Fuel operational requirement 0098,143578.24,BUDGETED,N,Business VP,APPROVED,SUP-012,Nimbus Services 12,United Kingdom,LOW,APPROVED,CLEARED,N,CTR-002,Fuel Framework 02,EXPIRING,24/1/2024,12/9/2026,239082.17,N,90,PO-0098,2/3/2026,9/4/2026,OPEN,26350,USD,Fuel Buying Team,CC-009,3,25500,26350,Fuel quality inspection; Into-plane service; Fuel farm access fee,GR-0098,8/4/2026,25500,100,ACCEPTED,KUL-CARGO,Receipt recorded,INV-0098,24/3/2026,26350,MATCHED,NONE,0,23/5/2026,SCHEDULED,1/8/2026,86.8,96.1,98.4,1,93,AMBER,125,Y,N,Y,N,Y,OVERDUE_PO;CONTRACT_EXPIRING_90D
2026-08-12T10:00:00+08:00,SYNTHETIC INTERNAL DEMO,REQ-0099,3/3/2026,Airport Operations,NORMAL,Ground Handling,Ground Handling operational requirement 0099,85755.23,BUDGETED,Y,Department Director,PENDING_APPROVAL,SUP-015,Skybridge Services 15,United Arab Emirates,MEDIUM,APPROVED,CLEARED,N,CTR-003,Ground Handling Framework 03,EXPIRING,16/2/2024,20/9/2026,86534.73,N,30,PO-0099,8/3/2026,16/4/2026,PARTIALLY_RECEIVED,12951.88,USD,Ground Handling Buying Team,CC-010,3,12,12951.88,Pushback service; Load-control service; Ramp handling service,GR-0099,14/4/2026,8.52,71,ACCEPTED,SIN-OPS,Receipt recorded,INV-0099,31/3/2026,12951.88,MATCHED,NONE,0,30/5/2026,SCHEDULED,1/8/2026,82.6,85.3,91.9,3,85.9,AMBER,118,Y,N,Y,N,Y,OVERDUE_PO;CONTRACT_EXPIRING_90D
2026-08-12T10:00:00+08:00,SYNTHETIC INTERNAL DEMO,REQ-0100,8/3/2026,Inflight Services,URGENT,Catering,Catering operational requirement 0100,127943.08,BUDGETED,N,Business VP,APPROVED,SUP-018,Horizon Services 18,Singapore,LOW,APPROVED,REVIEW_DUE,Y,CTR-004,Catering Framework 04,EXPIRING,10/3/2024,28/9/2026,267934.75,N,60,PO-0100,14/3/2026,23/4/2026,CANCELLED,24369.07,USD,Catering Buying Team,CC-011,3,15,24369.07,Catering uplift service; Economy meal set; Crew meal set,GR-0100,1/5/2026,0,0,ACCEPTED,BKK-OPS,Receipt recorded,INV-0100,7/4/2026,24856.45,EXCEPTION,QUANTITY_VARIANCE,487.38,6/6/2026,ON_HOLD,1/8/2026,91.6,97.1,94.9,1,94.4,GREEN,0,N,N,Y,Y,Y,CONTRACT_EXPIRING_90D;INVOICE_QUANTITY_VARIANCE;SCREENING_REVIEW_DUE
2026-08-12T10:00:00+08:00,SYNTHETIC INTERNAL DEMO,REQ-0101,13/3/2026,Digital,NORMAL,IT and Cloud,IT and Cloud operational requirement 0101,99142.53,BUDGETED,N,Department Director,APPROVED,SUP-021,Aero Logistics 21,United States,LOW,APPROVED,CLEARED,N,CTR-005,IT and Cloud Framework 05,EXPIRING,2/4/2024,6/10/2026,228008.37,N,90,PO-0101,20/3/2026,30/4/2026,OPEN,43968.83,USD,IT and Cloud Buying Team,CC-012,2,11,43968.83,Cloud compute subscription; Endpoint security licence,GR-0101,30/4/2026,11,100,ACCEPTED,KUL-MRO,Receipt recorded,INV-0101,14/4/2026,43968.83,MATCHED,NONE,0,13/6/2026,PAID,1/8/2026,91.2,92.7,95.5,0,92.8,GREEN,104,Y,N,Y,N,Y,OVERDUE_PO;CONTRACT_EXPIRING_90D
2026-08-12T10:00:00+08:00,SYNTHETIC INTERNAL DEMO,REQ-0102,18/3/2026,Corporate Services,AOG,Facilities,Restore aircraft availability for synthetic event AOG-0102,51593.18,BUDGETED,Y,CPO + Accountable Executive,APPROVED,SUP-024,Altitude Logistics 24,Japan,LOW,APPROVED,CLEARED,N,CTR-006,Facilities Framework 06,EXPIRING,25/4/2024,14/10/2026,494898.92,Y,30,PO-0102,26/3/2026,28/3/2026,PARTIALLY_RECEIVED,10572.19,USD,Facilities Buying Team,CC-013,2,13,10572.19,Terminal office cleaning; Ground power inspection,GR-0102,27/3/2026,8.19,63,ACCEPTED,KUL-CARGO,Receipt recorded,INV-0102,21/4/2026,10572.19,MATCHED,NONE,0,20/6/2026,SCHEDULED,1/8/2026,87.9,92.8,95.6,1,91.5,AMBER,137,Y,N,Y,N,Y,AOG_REQUEST;OVERDUE_PO;CONTRACT_EXPIRING_90D
2026-08-12T10:00:00+08:00,SYNTHETIC INTERNAL DEMO,REQ-0103,23/3/2026,Engineering,NORMAL,Uniforms,Uniforms operational requirement 0103,118242.22,BUDGETED,N,Business VP,APPROVED,SUP-027,Wingtip Logistics 27,Thailand,LOW,APPROVED,REVIEW_DUE,Y,CTR-007,Uniforms Framework 07,EXPIRING,18/5/2024,22/10/2026,247366.36,N,60,PO-0103,1/4/2026,14/5/2026,OPEN,11662.64,USD,Uniforms Buying Team,CC-014,2,15,11662.64,Ground staff uniform set; Safety footwear,GR-0103,12/5/2026,15,100,HOLD,SIN-OPS,Synthetic inspection hold,INV-0103,28/4/2026,11662.64,EXCEPTION,MISSING_RECEIPT,0,27/6/2026,ON_HOLD,1/8/2026,89.4,96.8,96.4,0,93.7,GREEN,90,Y,N,Y,Y,Y,OVERDUE_PO;CONTRACT_EXPIRING_90D;RECEIPT_HOLD;INVOICE_MISSING_RECEIPT;SCREENING_REVIEW_DUE
2026-08-12T10:00:00+08:00,SYNTHETIC INTERNAL DEMO,REQ-0104,28/3/2026,Flight Operations,NORMAL,Professional Services,Professional Services operational requirement 0104,76773.28,BUDGETED,N,Department Director,APPROVED,SUP-030,Terminal Logistics 30,Germany,MEDIUM,APPROVED,CLEARED,N,CTR-008,Professional Services Framework 08,EXPIRING,10/6/2024,30/10/2026,734603.89,N,90,PO-0104,7/4/2026,21/5/2026,CLOSED,16219.45,USD,Professional Services Buying Team,CC-015,2,17,16219.45,Legal advisory; Technical consulting,GR-0104,18/5/2026,17,100,ACCEPTED,BKK-OPS,Receipt recorded,INV-0104,5/5/2026,16219.45,MATCHED,NONE,0,4/7/2026,SCHEDULED,1/8/2026,82,90.4,92.3,3,87.5,AMBER,0,N,N,Y,N,Y,CONTRACT_EXPIRING_90D
2026-08-12T10:00:00+08:00,SYNTHETIC INTERNAL DEMO,REQ-0105,2/4/2026,Airport Operations,URGENT,MRO Parts,MRO Parts operational requirement 0105,274648.43,BUDGETED,N,Business VP,APPROVED,SUP-033,Runway Systems 33,Malaysia,LOW,APPROVED,CLEARED,Y,CTR-001,MRO Parts Framework 01,EXPIRING,1/1/2024,4/9/2026,184973.78,N,60,PO-0105,13/4/2026,23/4/2026,PARTIALLY_RECEIVED,106407.25,USD,MRO Parts Buying Team,CC-016,2,19,106407.25,Hydraulic pump assembly; Brake wear kit,GR-0105,23/4/2026,10.45,55,ACCEPTED,KUL-MRO,Receipt recorded,INV-0105,12/5/2026,111195.58,EXCEPTION,PRICE_VARIANCE,4788.33,11/7/2026,ON_HOLD,1/8/2026,88.3,91.3,94.9,0,91,GREEN,111,Y,N,Y,Y,Y,OVERDUE_PO;CONTRACT_EXPIRING_90D;INVOICE_PRICE_VARIANCE
2026-08-12T10:00:00+08:00,SYNTHETIC INTERNAL DEMO,REQ-0106,7/4/2026,Inflight Services,NORMAL,Fuel,Fuel operational requirement 0106,988964.18,BUDGETED,N,Chief Procurement Officer,APPROVED,SUP-036,Jetstream Systems 36,United Kingdom,LOW,APPROVED,REVIEW_DUE,N,CTR-002,Fuel Framework 02,EXPIRING,24/1/2024,12/9/2026,239082.17,N,90,PO-0106,19/4/2026,30/4/2026,OPEN,26025,USD,Fuel Buying Team,CC-017,2,15000,26025,Fuel quality inspection; Into-plane service,GR-0106,29/4/2026,15000,100,ACCEPTED,KUL-CARGO,Receipt recorded,INV-0106,19/5/2026,26025,MATCHED,NONE,0,18/7/2026,SCHEDULED,1/8/2026,92.8,95.4,96,1,94.5,GREEN,104,Y,N,Y,N,Y,OVERDUE_PO;CONTRACT_EXPIRING_90D;SCREENING_REVIEW_DUE
2026-08-12T10:00:00+08:00,SYNTHETIC INTERNAL DEMO,REQ-0107,12/4/2026,Digital,NORMAL,Ground Handling,Ground Handling operational requirement 0107,61762.8,BUDGETED,N,Department Director,APPROVED,SUP-039,Cloudline Systems 39,United Arab Emirates,HIGH,APPROVED,CLEARED,N,CTR-003,Ground Handling Framework 03,EXPIRING,16/2/2024,20/9/2026,86534.73,N,30,PO-0107,25/4/2026,7/5/2026,OPEN,22371.36,USD,Ground Handling Buying Team,CC-018,2,23,22371.36,Pushback service; Load-control service,GR-0107,5/5/2026,23,100,ACCEPTED,SIN-OPS,Receipt recorded,INV-0107,26/5/2026,22371.36,MATCHED,NONE,0,25/7/2026,SCHEDULED,1/8/2026,70.2,86.2,86.9,5,80,RED,97,Y,N,Y,N,Y,OVERDUE_PO;CONTRACT_EXPIRING_90D;SUPPLIER_HIGH_RISK;SCORECARD_RED
2026-08-12T10:00:00+08:00,SYNTHETIC INTERNAL DEMO,REQ-0108,17/4/2026,Corporate Services,NORMAL,Catering,Catering operational requirement 0108,80097.19,BUDGETED,N,Department Director,PENDING_APPROVAL,SUP-002,Nimbus Supply 02,Singapore,LOW,APPROVED,CLEARED,Y,CTR-004,Catering Framework 04,EXPIRING,10/3/2024,28/9/2026,267934.75,N,60,PO-0108,19/4/2026,2/5/2026,CLOSED,19348.28,USD,Catering Buying Team,CC-001,2,13,19348.28,Catering uplift service; Economy meal set,GR-0108,29/4/2026,13,100,ACCEPTED,BKK-OPS,Receipt recorded,INV-0108,21/5/2026,19348.28,MATCHED,NONE,0,5/7/2026,SCHEDULED,1/8/2026,84.9,96,97.5,1,91.9,AMBER,0,N,N,Y,N,Y,CONTRACT_EXPIRING_90D
2026-08-12T10:00:00+08:00,SYNTHETIC INTERNAL DEMO,REQ-0109,22/4/2026,Engineering,NORMAL,IT and Cloud,IT and Cloud operational requirement 0109,71565.6,BUDGETED,N,Department Director,APPROVED,SUP-005,Skybridge Supply 05,United States,MEDIUM,APPROVED,CLEARED,N,CTR-005,IT and Cloud Framework 05,EXPIRING,2/4/2024,6/10/2026,228008.37,N,90,PO-0109,25/4/2026,9/5/2026,OPEN,7227.92,USD,IT and Cloud Buying Team,CC-002,2,3,7227.92,Cloud compute subscription; Endpoint security licence,GR-0109,18/5/2026,3,100,ACCEPTED,KUL-MRO,Receipt recorded,INV-0109,28/5/2026,7227.92,MATCHED,NONE,0,12/7/2026,PAID,1/8/2026,86.2,93,91.2,2,89.8,AMBER,95,Y,N,Y,N,Y,OVERDUE_PO;CONTRACT_EXPIRING_90D
2026-08-12T10:00:00+08:00,SYNTHETIC INTERNAL DEMO,REQ-0110,27/4/2026,Flight Operations,URGENT,Facilities,Facilities operational requirement 0110,150586.15,BUDGETED,Y,Business VP,APPROVED,SUP-008,Horizon Supply 08,Japan,LOW,APPROVED,CLEARED,N,CTR-006,Facilities Framework 06,EXPIRING,25/4/2024,14/10/2026,494898.92,Y,30,PO-0110,1/5/2026,16/5/2026,CANCELLED,6482.96,USD,Facilities Buying Team,CC-003,2,5,6482.96,Terminal office cleaning; Ground power inspection,GR-0110,15/5/2026,0,0,ACCEPTED,KUL-CARGO,Receipt recorded,INV-0110,4/6/2026,6482.96,MATCHED,NONE,0,19/7/2026,SCHEDULED,1/8/2026,89.7,94.4,98.8,1,93.6,GREEN,0,N,N,Y,N,Y,CONTRACT_EXPIRING_90D
2026-08-12T10:00:00+08:00,SYNTHETIC INTERNAL DEMO,REQ-0111,2/5/2026,Airport Operations,NORMAL,Uniforms,Uniforms operational requirement 0111,71068.78,BUDGETED,N,Department Director,APPROVED,SUP-011,Aero Services 11,Thailand,LOW,APPROVED,CLEARED,Y,CTR-007,Uniforms Framework 07,EXPIRING,18/5/2024,22/10/2026,247366.36,N,60,PO-0111,7/5/2026,23/5/2026,PARTIALLY_RECEIVED,6818.35,USD,Uniforms Buying Team,CC-004,2,7,6818.35,Ground staff uniform set; Safety footwear,GR-0111,21/5/2026,4.97,71,ACCEPTED,SIN-OPS,Receipt recorded,INV-0111,11/6/2026,6954.72,EXCEPTION,QUANTITY_VARIANCE,136.37,26/7/2026,ON_HOLD,1/8/2026,91.3,93.3,98.2,0,93.7,GREEN,81,Y,N,Y,Y,Y,OVERDUE_PO;CONTRACT_EXPIRING_90D;INVOICE_QUANTITY_VARIANCE
2026-08-12T10:00:00+08:00,SYNTHETIC INTERNAL DEMO,REQ-0112,7/5/2026,Inflight Services,NORMAL,Professional Services,Professional Services operational requirement 0112,33053.51,BUDGETED,N,Department Director,APPROVED,SUP-014,Altitude Services 14,Germany,LOW,APPROVED,CLEARED,N,CTR-008,Professional Services Framework 08,EXPIRING,10/6/2024,30/10/2026,734603.89,N,90,PO-0112,13/5/2026,30/5/2026,CLOSED,14286.31,USD,Professional Services Buying Team,CC-005,2,9,14286.31,Legal advisory; Technical consulting,GR-0112,27/5/2026,9,100,ACCEPTED,BKK-OPS,Receipt recorded,INV-0112,18/6/2026,14286.31,MATCHED,NONE,0,2/8/2026,SCHEDULED,1/8/2026,85,92.8,93.3,1,89.8,AMBER,0,N,N,Y,N,Y,CONTRACT_EXPIRING_90D
2026-08-12T10:00:00+08:00,SYNTHETIC INTERNAL DEMO,REQ-0113,12/5/2026,Digital,NORMAL,MRO Parts,MRO Parts operational requirement 0113,401095.64,BUDGETED,N,Business VP,APPROVED,SUP-017,Wingtip Services 17,Malaysia,LOW,SUSPENDED,HOLD,Y,CTR-001,MRO Parts Framework 01,EXPIRING,1/1/2024,4/9/2026,184973.78,N,60,PO-0113,19/5/2026,6/6/2026,OPEN,119638.45,USD,MRO Parts Buying Team,CC-006,2,11,119638.45,Hydraulic pump assembly; Brake wear kit,GR-0113,6/6/2026,11,100,ACCEPTED,KUL-MRO,Receipt recorded,INV-0113,25/6/2026,119638.45,MATCHED,NONE,0,9/8/2026,PAID,1/8/2026,95.3,92.8,95.7,0,94.5,GREEN,67,Y,N,Y,N,Y,OVERDUE_PO;CONTRACT_EXPIRING_90D;SCREENING_HOLD
2026-08-12T10:00:00+08:00,SYNTHETIC INTERNAL DEMO,REQ-0114,17/5/2026,Corporate Services,NORMAL,Fuel,Fuel operational requirement 0114,652569.51,UNBUDGETED,N,CPO + CFO,APPROVED,SUP-020,Terminal Services 20,United Kingdom,MEDIUM,APPROVED,CLEARED,N,CTR-002,Fuel Framework 02,EXPIRING,24/1/2024,12/9/2026,239082.17,N,90,PO-0114,25/5/2026,13/6/2026,PARTIALLY_RECEIVED,18200,USD,Fuel Buying Team,CC-007,2,13000,18200,Fuel quality inspection; Into-plane service,GR-0114,12/6/2026,8190,63,ACCEPTED,KUL-CARGO,Receipt recorded,INV-0114,2/7/2026,18200,MATCHED,NONE,0,16/8/2026,SCHEDULED,1/8/2026,81,88.5,89.6,2,85.8,AMBER,60,Y,N,Y,N,Y,OVERDUE_PO;CONTRACT_EXPIRING_90D
2026-08-12T10:00:00+08:00,SYNTHETIC INTERNAL DEMO,REQ-0115,22/5/2026,Engineering,URGENT,Ground Handling,Ground Handling operational requirement 0115,56123.93,BUDGETED,N,Department Director,APPROVED,SUP-023,Runway Logistics 23,United Arab Emirates,LOW,APPROVED,CLEARED,N,CTR-003,Ground Handling Framework 03,EXPIRING,16/2/2024,20/9/2026,86534.73,N,30,PO-0115,31/5/2026,20/6/2026,OPEN,20830.34,USD,Ground Handling Buying Team,CC-008,2,15,20830.34,Pushback service; Load-control service,GR-0115,18/6/2026,15,100,ACCEPTED,SIN-OPS,Receipt recorded,INV-0115,9/7/2026,20830.34,MATCHED,NONE,0,23/8/2026,SCHEDULED,1/8/2026,95.3,97.7,94.6,0,96,GREEN,53,Y,N,Y,N,Y,OVERDUE_PO;CONTRACT_EXPIRING_90D
2026-08-12T10:00:00+08:00,SYNTHETIC INTERNAL DEMO,REQ-0116,27/5/2026,Flight Operations,NORMAL,Catering,Catering operational requirement 0116,107630.34,BUDGETED,N,Business VP,APPROVED,SUP-026,Jetstream Logistics 26,Singapore,HIGH,APPROVED,CLEARED,Y,CTR-004,Catering Framework 04,EXPIRING,10/3/2024,28/9/2026,267934.75,N,60,PO-0116,6/6/2026,27/6/2026,CLOSED,23475.72,USD,Catering Buying Team,CC-009,2,17,23475.72,Catering uplift service; Economy meal set,GR-0116,24/6/2026,17,100,ACCEPTED,BKK-OPS,Receipt recorded,INV-0116,16/7/2026,23475.72,MATCHED,NONE,0,30/8/2026,SCHEDULED,1/8/2026,70.5,81.9,87.9,4,78.8,RED,0,N,N,Y,N,Y,CONTRACT_EXPIRING_90D;SUPPLIER_HIGH_RISK;SCORECARD_RED
2026-08-12T10:00:00+08:00,SYNTHETIC INTERNAL DEMO,REQ-0117,1/6/2026,Airport Operations,NORMAL,IT and Cloud,IT and Cloud operational requirement 0117,92341.29,BUDGETED,N,Department Director,PENDING_APPROVAL,SUP-029,Cloudline Logistics 29,United States,LOW,APPROVED,CLEARED,N,CTR-005,IT and Cloud Framework 05,EXPIRING,2/4/2024,6/10/2026,228008.37,N,90,PO-0117,12/6/2026,4/7/2026,PARTIALLY_RECEIVED,48514.34,USD,IT and Cloud Buying Team,CC-010,2,19,48514.34,Cloud compute subscription; Endpoint security licence,GR-0117,4/7/2026,10.45,55,ACCEPTED,KUL-MRO,Receipt recorded,INV-0117,23/7/2026,48514.34,EXCEPTION,DUPLICATE_RISK,0,6/9/2026,ON_HOLD,1/8/2026,88.7,96.1,95.9,0,93.1,GREEN,39,Y,N,Y,Y,Y,OVERDUE_PO;CONTRACT_EXPIRING_90D;INVOICE_DUPLICATE_RISK
2026-08-12T10:00:00+08:00,SYNTHETIC INTERNAL DEMO,REQ-0118,6/6/2026,Inflight Services,NORMAL,Facilities,Facilities operational requirement 0118,64942.04,BUDGETED,N,Department Director,APPROVED,SUP-032,Nimbus Systems 32,Japan,LOW,APPROVED,CLEARED,N,CTR-006,Facilities Framework 06,EXPIRING,25/4/2024,14/10/2026,494898.92,Y,30,PO-0118,18/6/2026,11/7/2026,OPEN,24406.84,USD,Facilities Buying Team,CC-011,2,21,24406.84,Terminal office cleaning; Ground power inspection,GR-0118,21/7/2026,21,100,ACCEPTED,KUL-CARGO,Receipt recorded,INV-0118,30/7/2026,25505.15,EXCEPTION,PRICE_VARIANCE,1098.31,13/9/2026,ON_HOLD,1/8/2026,94.5,90.7,97,1,93.8,GREEN,32,Y,N,Y,Y,Y,OVERDUE_PO;CONTRACT_EXPIRING_90D;INVOICE_PRICE_VARIANCE
2026-08-12T10:00:00+08:00,SYNTHETIC INTERNAL DEMO,REQ-0119,11/6/2026,Digital,AOG,Uniforms,Restore aircraft availability for synthetic event AOG-0119,139987.81,BUDGETED,Y,CPO + Accountable Executive,APPROVED,SUP-035,Skybridge Systems 35,Thailand,MEDIUM,APPROVED,CLEARED,Y,CTR-007,Uniforms Framework 07,EXPIRING,18/5/2024,22/10/2026,247366.36,N,60,PO-0119,24/6/2026,28/6/2026,OPEN,21072.52,USD,Uniforms Buying Team,CC-012,2,23,21072.52,Ground staff uniform set; Safety footwear,GR-0119,26/6/2026,23,100,ACCEPTED,SIN-OPS,Receipt recorded,INV-0119,6/8/2026,21072.52,MATCHED,NONE,0,20/9/2026,SCHEDULED,1/8/2026,85,90,93.1,2,88.8,AMBER,45,Y,N,Y,N,Y,AOG_REQUEST;OVERDUE_PO;CONTRACT_EXPIRING_90D
2026-08-12T10:00:00+08:00,SYNTHETIC INTERNAL DEMO,REQ-0120,16/6/2026,Corporate Services,URGENT,Professional Services,Professional Services operational requirement 0120,22654.49,BUDGETED,N,Department Manager,APPROVED,SUP-038,Horizon Systems 38,Germany,LOW,APPROVED,CLEARED,N,CTR-008,Professional Services Framework 08,EXPIRING,10/6/2024,30/10/2026,734603.89,N,90,PO-0120,18/6/2026,13/7/2026,CANCELLED,17733.47,USD,Professional Services Buying Team,CC-013,2,13,17733.47,Legal advisory; Technical consulting,GR-0120,10/7/2026,0,0,HOLD,BKK-OPS,Synthetic inspection hold,INV-0120,1/8/2026,17733.47,EXCEPTION,MISSING_RECEIPT,0,15/9/2026,ON_HOLD,1/8/2026,86,94.4,98.3,1,92,AMBER,0,N,N,Y,Y,Y,CONTRACT_EXPIRING_90D;RECEIPT_HOLD;INVOICE_MISSING_RECEIPT
2026-08-12T10:00:00+08:00,SYNTHETIC INTERNAL DEMO,REQ-0121,21/6/2026,Engineering,NORMAL,MRO Parts,MRO Parts operational requirement 0121,252775.54,BUDGETED,Y,Business VP,APPROVED,SUP-001,Aero Supply 01,Malaysia,LOW,APPROVED,CLEARED,Y,CTR-001,MRO Parts Framework 01,EXPIRING,1/1/2024,4/9/2026,184973.78,N,60,PO-0121,24/6/2026,20/7/2026,OPEN,27636.1,USD,MRO Parts Buying Team,CC-014,2,3,27636.1,Hydraulic pump assembly; Brake wear kit,GR-0121,20/7/2026,3,100,ACCEPTED,KUL-MRO,Receipt recorded,INV-0121,9/7/2026,27636.1,MATCHED,NONE,0,8/8/2026,PAID,1/8/2026,88.3,96.9,93.2,0,92.5,GREEN,23,Y,N,Y,N,Y,OVERDUE_PO;CONTRACT_EXPIRING_90D
2026-08-12T10:00:00+08:00,SYNTHETIC INTERNAL DEMO,REQ-0122,26/6/2026,Flight Operations,NORMAL,Fuel,Fuel operational requirement 0122,305226.88,BUDGETED,N,Business VP,APPROVED,SUP-004,Altitude Supply 04,United Kingdom,LOW,APPROVED,CLEARED,N,CTR-002,Fuel Framework 02,EXPIRING,24/1/2024,12/9/2026,239082.17,N,90,PO-0122,30/6/2026,27/7/2026,OPEN,17765,USD,Fuel Buying Team,CC-015,2,11000,17765,Fuel quality inspection; Into-plane service,GR-0122,26/7/2026,11000,100,ACCEPTED,KUL-CARGO,Receipt recorded,INV-0122,16/7/2026,18120.3,EXCEPTION,QUANTITY_VARIANCE,355.3,15/8/2026,ON_HOLD,1/8/2026,88.9,92.4,97.2,1,92.2,GREEN,16,Y,N,Y,Y,Y,OVERDUE_PO;CONTRACT_EXPIRING_90D;INVOICE_QUANTITY_VARIANCE
2026-08-12T10:00:00+08:00,SYNTHETIC INTERNAL DEMO,REQ-0123,1/7/2026,Airport Operations,NORMAL,Ground Handling,Ground Handling operational requirement 0123,35715.12,BUDGETED,N,Department Director,APPROVED,SUP-007,Wingtip Supply 07,United Arab Emirates,LOW,APPROVED,CLEARED,N,CTR-003,Ground Handling Framework 03,EXPIRING,16/2/2024,20/9/2026,86534.73,N,30,PO-0123,6/7/2026,3/8/2026,PARTIALLY_RECEIVED,7610.88,USD,Ground Handling Buying Team,CC-016,2,7,7610.88,Pushback service; Load-control service,GR-0123,1/8/2026,4.97,71,ACCEPTED,SIN-OPS,Receipt recorded,INV-0123,23/7/2026,7610.88,MATCHED,NONE,0,22/8/2026,SCHEDULED,1/8/2026,90.4,96.9,95.5,0,94,GREEN,9,Y,N,Y,N,Y,OVERDUE_PO;CONTRACT_EXPIRING_90D
2026-08-12T10:00:00+08:00,SYNTHETIC INTERNAL DEMO,REQ-0124,6/7/2026,Inflight Services,NORMAL,Catering,Catering operational requirement 0124,28983.82,BUDGETED,N,Department Director,APPROVED,SUP-010,Terminal Supply 10,Singapore,MEDIUM,APPROVED,CLEARED,Y,CTR-004,Catering Framework 04,EXPIRING,10/3/2024,28/9/2026,267934.75,N,60,PO-0124,12/7/2026,10/8/2026,CLOSED,8624.06,USD,Catering Buying Team,CC-017,2,9,8624.06,Catering uplift service; Economy meal set,GR-0124,7/8/2026,9,100,ACCEPTED,BKK-OPS,Receipt recorded,INV-0124,30/7/2026,8624.06,MATCHED,NONE,0,29/8/2026,SCHEDULED,1/8/2026,83.3,85.6,92.7,1,86.5,AMBER,0,N,N,Y,N,Y,CONTRACT_EXPIRING_90D
2026-08-12T10:00:00+08:00,SYNTHETIC INTERNAL DEMO,REQ-0125,11/7/2026,Digital,URGENT,IT and Cloud,IT and Cloud operational requirement 0125,102816.07,BUDGETED,N,Business VP,APPROVED,SUP-013,Runway Services 13,United States,HIGH,APPROVED,CLEARED,N,CTR-005,IT and Cloud Framework 05,EXPIRING,2/4/2024,6/10/2026,228008.37,N,90,PO-0125,18/7/2026,17/8/2026,OPEN,35763.26,USD,IT and Cloud Buying Team,CC-018,2,11,35763.26,Cloud compute subscription; Endpoint security licence,GR-0125,17/8/2026,11,100,REJECTED,KUL-MRO,Synthetic quality rejection - engineering review required,INV-0125,6/8/2026,35763.26,MATCHED,NONE,0,5/9/2026,PAID,1/8/2026,74.7,82.5,89.9,3,81.2,RED,0,N,N,Y,N,Y,CONTRACT_EXPIRING_90D;RECEIPT_REJECTED;SUPPLIER_HIGH_RISK;SCORECARD_RED
2026-08-12T10:00:00+08:00,SYNTHETIC INTERNAL DEMO,REQ-0126,16/7/2026,Corporate Services,NORMAL,Facilities,Facilities operational requirement 0126,81086.78,BUDGETED,N,Department Director,PENDING_APPROVAL,SUP-016,Jetstream Services 16,Japan,LOW,APPROVED,CLEARED,N,CTR-006,Facilities Framework 06,EXPIRING,25/4/2024,14/10/2026,494898.92,Y,30,PO-0126,24/7/2026,24/8/2026,PARTIALLY_RECEIVED,18987.11,USD,Facilities Buying Team,CC-001,2,13,18987.11,Terminal office cleaning; Ground power inspection,GR-0126,23/8/2026,8.19,63,ACCEPTED,KUL-CARGO,Receipt recorded,INV-0126,13/8/2026,18987.11,MATCHED,NONE,0,12/9/2026,SCHEDULED,1/8/2026,94.6,98,95.9,1,96.1,GREEN,0,N,N,Y,N,Y,CONTRACT_EXPIRING_90D
2026-08-12T10:00:00+08:00,SYNTHETIC INTERNAL DEMO,REQ-0127,21/7/2026,Engineering,NORMAL,Uniforms,Uniforms operational requirement 0127,44520.82,BUDGETED,N,Department Director,APPROVED,SUP-019,Cloudline Services 19,Thailand,LOW,APPROVED,CLEARED,Y,CTR-007,Uniforms Framework 07,EXPIRING,18/5/2024,22/10/2026,247366.36,N,60,PO-0127,30/7/2026,31/8/2026,OPEN,19024.27,USD,Uniforms Buying Team,CC-002,2,15,19024.27,Ground staff uniform set; Safety footwear,GR-0127,11/9/2026,15,100,ACCEPTED,SIN-OPS,Receipt recorded,INV-0127,20/8/2026,19024.27,MATCHED,NONE,0,19/9/2026,SCHEDULED,1/8/2026,85.3,93.1,98.1,0,91.2,AMBER,0,N,N,Y,N,Y,CONTRACT_EXPIRING_90D
2026-08-12T10:00:00+08:00,SYNTHETIC INTERNAL DEMO,REQ-0128,26/7/2026,Flight Operations,NORMAL,Professional Services,Professional Services operational requirement 0128,147152.78,BUDGETED,N,Business VP,APPROVED,SUP-022,Nimbus Logistics 22,Germany,LOW,APPROVED,CLEARED,N,CTR-008,Professional Services Framework 08,EXPIRING,10/6/2024,30/10/2026,734603.89,N,90,PO-0128,5/8/2026,7/9/2026,CLOSED,23044.91,USD,Professional Services Buying Team,CC-003,2,17,23044.91,Legal advisory; Technical consulting,GR-0128,4/9/2026,17,100,ACCEPTED,BKK-OPS,Receipt recorded,INV-0128,27/8/2026,23044.91,MATCHED,NONE,0,26/9/2026,SCHEDULED,1/8/2026,90.2,95.7,94,1,93.1,GREEN,0,N,N,Y,N,Y,CONTRACT_EXPIRING_90D
2026-08-12T10:00:00+08:00,SYNTHETIC INTERNAL DEMO,REQ-0129,31/7/2026,Airport Operations,NORMAL,MRO Parts,MRO Parts operational requirement 0129,218634.18,BUDGETED,N,Business VP,APPROVED,SUP-025,Skybridge Logistics 25,Malaysia,MEDIUM,APPROVED,CLEARED,Y,CTR-001,MRO Parts Framework 01,EXPIRING,1/1/2024,4/9/2026,184973.78,N,60,PO-0129,11/8/2026,14/9/2026,PARTIALLY_RECEIVED,143814.38,USD,MRO Parts Buying Team,CC-004,2,19,143814.38,Hydraulic pump assembly; Brake wear kit,GR-0129,14/9/2026,10.45,55,ACCEPTED,KUL-MRO,Receipt recorded,INV-0129,3/9/2026,143814.38,MATCHED,NONE,0,3/10/2026,PAID,1/8/2026,81.7,86.3,91.2,1,85.7,AMBER,0,N,N,Y,N,Y,CONTRACT_EXPIRING_90D
2026-08-12T10:00:00+08:00,SYNTHETIC INTERNAL DEMO,REQ-0130,2/1/2026,Inflight Services,URGENT,Fuel,Fuel operational requirement 0130,994414.49,BUDGETED,N,Chief Procurement Officer,APPROVED,SUP-028,Horizon Logistics 28,United Kingdom,LOW,APPROVED,CLEARED,N,CTR-002,Fuel Framework 02,EXPIRING,24/1/2024,12/9/2026,239082.17,N,90,PO-0130,14/1/2026,18/2/2026,CANCELLED,26220,USD,Fuel Buying Team,CC-005,2,19000,26220,Fuel quality inspection; Into-plane service,GR-0130,17/2/2026,0,0,ACCEPTED,KUL-CARGO,Receipt recorded,INV-0130,7/2/2026,26220,MATCHED,NONE,0,9/3/2026,SCHEDULED,1/8/2026,91.2,96,94.8,1,93.8,GREEN,0,N,N,Y,N,Y,CONTRACT_EXPIRING_90D
2026-08-12T10:00:00+08:00,SYNTHETIC INTERNAL DEMO,REQ-0131,7/1/2026,Digital,NORMAL,Ground Handling,Ground Handling operational requirement 0131,77460.72,BUDGETED,N,Department Director,APPROVED,SUP-031,Aero Systems 31,United Arab Emirates,LOW,APPROVED,CLEARED,N,CTR-003,Ground Handling Framework 03,EXPIRING,16/2/2024,20/9/2026,86534.73,N,30,PO-0131,20/1/2026,25/2/2026,OPEN,27676.44,USD,Ground Handling Buying Team,CC-006,2,23,27676.44,Pushback service; Load-control service,GR-0131,23/2/2026,23,100,ACCEPTED,SIN-OPS,Receipt recorded,INV-0131,14/2/2026,28921.88,EXCEPTION,PRICE_VARIANCE,1245.44,16/3/2026,ON_HOLD,1/8/2026,87.9,97.3,94.9,0,92.9,AMBER,168,Y,N,Y,Y,Y,OVERDUE_PO;CONTRACT_EXPIRING_90D;INVOICE_PRICE_VARIANCE
2026-08-12T10:00:00+08:00,SYNTHETIC INTERNAL DEMO,REQ-0132,12/1/2026,Corporate Services,NORMAL,Catering,Catering operational requirement 0132,134721.03,BUDGETED,Y,Business VP,APPROVED,SUP-034,Altitude Systems 34,Singapore,LOW,SUSPENDED,HOLD,Y,CTR-004,Catering Framework 04,EXPIRING,10/3/2024,28/9/2026,267934.75,N,60,PO-0132,14/1/2026,20/2/2026,CLOSED,17791.53,USD,Catering Buying Team,CC-007,2,13,17791.53,Catering uplift service; Economy meal set,GR-0132,17/2/2026,13,100,ACCEPTED,BKK-OPS,Receipt recorded,INV-0132,9/2/2026,17791.53,MATCHED,NONE,0,11/3/2026,SCHEDULED,1/8/2026,88.1,92.5,94.9,1,91.3,GREEN,0,N,N,Y,N,Y,CONTRACT_EXPIRING_90D;SCREENING_HOLD
2026-08-12T10:00:00+08:00,SYNTHETIC INTERNAL DEMO,REQ-0133,17/1/2026,Engineering,NORMAL,IT and Cloud,IT and Cloud operational requirement 0133,57423.32,UNBUDGETED,N,Department Director,APPROVED,SUP-037,Wingtip Systems 37,United States,LOW,APPROVED,CLEARED,N,CTR-005,IT and Cloud Framework 05,EXPIRING,2/4/2024,6/10/2026,228008.37,N,90,PO-0133,20/1/2026,27/2/2026,OPEN,7862.13,USD,IT and Cloud Buying Team,CC-008,2,3,7862.13,Cloud compute subscription; Endpoint security licence,GR-0133,27/2/2026,3,100,ACCEPTED,KUL-MRO,Receipt recorded,INV-0133,16/2/2026,8019.37,EXCEPTION,QUANTITY_VARIANCE,157.24,18/3/2026,ON_HOLD,1/8/2026,88.7,96.5,95.4,0,93.1,GREEN,166,Y,N,Y,Y,Y,OVERDUE_PO;CONTRACT_EXPIRING_90D;INVOICE_QUANTITY_VARIANCE
2026-08-12T10:00:00+08:00,SYNTHETIC INTERNAL DEMO,REQ-0134,22/1/2026,Flight Operations,NORMAL,Facilities,Facilities operational requirement 0134,93076.19,BUDGETED,N,Department Director,APPROVED,SUP-040,Terminal Systems 40,Japan,MEDIUM,APPROVED,CLEARED,N,CTR-006,Facilities Framework 06,EXPIRING,25/4/2024,14/10/2026,494898.92,Y,30,PO-0134,26/1/2026,6/3/2026,OPEN,3888.08,USD,Facilities Buying Team,CC-009,2,5,3888.08,Terminal office cleaning; Ground power inspection,GR-0134,5/3/2026,5,100,ACCEPTED,KUL-CARGO,Receipt recorded,INV-0134,23/2/2026,3888.08,MATCHED,NONE,0,25/3/2026,SCHEDULED,1/8/2026,79.2,89.1,94,1,86.4,AMBER,159,Y,N,Y,N,Y,OVERDUE_PO;CONTRACT_EXPIRING_90D
2026-08-12T10:00:00+08:00,SYNTHETIC INTERNAL DEMO,REQ-0135,27/1/2026,Airport Operations,URGENT,Uniforms,Uniforms operational requirement 0135,50877.81,BUDGETED,N,Department Director,PENDING_APPROVAL,SUP-003,Runway Supply 03,Thailand,LOW,APPROVED,CLEARED,Y,CTR-007,Uniforms Framework 07,EXPIRING,18/5/2024,22/10/2026,247366.36,N,60,PO-0135,1/2/2026,13/3/2026,PARTIALLY_RECEIVED,7689.27,USD,Uniforms Buying Team,CC-010,2,7,7689.27,Ground staff uniform set; Safety footwear,GR-0135,11/3/2026,4.97,71,ACCEPTED,SIN-OPS,Receipt recorded,INV-0135,2/3/2026,7689.27,MATCHED,NONE,0,1/5/2026,SCHEDULED,1/8/2026,87.4,91.8,93.7,0,90.5,AMBER,152,Y,N,Y,N,Y,OVERDUE_PO;CONTRACT_EXPIRING_90D
2026-08-12T10:00:00+08:00,SYNTHETIC INTERNAL DEMO,REQ-0136,1/2/2026,Inflight Services,AOG,Professional Services,Restore aircraft availability for synthetic event AOG-0136,104575.17,BUDGETED,Y,CPO + Accountable Executive,APPROVED,SUP-006,Jetstream Supply 06,Germany,LOW,APPROVED,CLEARED,N,CTR-008,Professional Services Framework 08,EXPIRING,10/6/2024,30/10/2026,734603.89,N,90,PO-0136,7/2/2026,10/2/2026,CLOSED,12442.34,USD,Professional Services Buying Team,CC-011,2,9,12442.34,Legal advisory; Technical consulting,GR-0136,22/2/2026,9,100,ACCEPTED,BKK-OPS,Receipt recorded,INV-0136,9/3/2026,12442.34,MATCHED,NONE,0,8/5/2026,SCHEDULED,1/8/2026,86.1,97.4,96.5,1,92.7,AMBER,0,N,N,Y,N,Y,AOG_REQUEST;CONTRACT_EXPIRING_90D
2026-08-12T10:00:00+08:00,SYNTHETIC INTERNAL DEMO,REQ-0137,6/2/2026,Digital,NORMAL,MRO Parts,MRO Parts operational requirement 0137,125891.03,BUDGETED,N,Business VP,APPROVED,SUP-009,Cloudline Supply 09,Malaysia,LOW,APPROVED,REVIEW_DUE,Y,CTR-001,MRO Parts Framework 01,EXPIRING,1/1/2024,4/9/2026,184973.78,N,60,PO-0137,13/2/2026,27/3/2026,OPEN,91583.42,USD,MRO Parts Buying Team,CC-012,2,11,91583.42,Hydraulic pump assembly; Brake wear kit,GR-0137,27/3/2026,11,100,HOLD,KUL-MRO,Synthetic inspection hold,INV-0137,16/3/2026,91583.42,EXCEPTION,MISSING_RECEIPT,0,15/5/2026,ON_HOLD,1/8/2026,93.6,91.4,98.7,0,94.1,GREEN,138,Y,N,Y,Y,Y,OVERDUE_PO;CONTRACT_EXPIRING_90D;RECEIPT_HOLD;INVOICE_MISSING_RECEIPT;SCREENING_REVIEW_DUE
2026-08-12T10:00:00+08:00,SYNTHETIC INTERNAL DEMO,REQ-0138,11/2/2026,Corporate Services,NORMAL,Fuel,Fuel operational requirement 0138,1376912.28,BUDGETED,N,Chief Procurement Officer,APPROVED,SUP-012,Nimbus Services 12,United Kingdom,LOW,APPROVED,CLEARED,N,CTR-002,Fuel Framework 02,EXPIRING,24/1/2024,12/9/2026,239082.17,N,90,PO-0138,19/2/2026,3/4/2026,PARTIALLY_RECEIVED,14280,USD,Fuel Buying Team,CC-013,2,17000,14280,Fuel quality inspection; Into-plane service,GR-0138,2/4/2026,10710,63,ACCEPTED,KUL-CARGO,Receipt recorded,INV-0138,23/3/2026,14280,MATCHED,NONE,0,22/5/2026,SCHEDULED,1/8/2026,86.8,96.1,98.4,1,93,AMBER,131,Y,N,Y,N,Y,OVERDUE_PO;CONTRACT_EXPIRING_90D
2026-08-12T10:00:00+08:00,SYNTHETIC INTERNAL DEMO,REQ-0139,16/2/2026,Engineering,NORMAL,Ground Handling,Ground Handling operational requirement 0139,145864.17,BUDGETED,N,Business VP,APPROVED,SUP-015,Skybridge Services 15,United Arab Emirates,MEDIUM,APPROVED,CLEARED,N,CTR-003,Ground Handling Framework 03,EXPIRING,16/2/2024,20/9/2026,86534.73,N,30,PO-0139,25/2/2026,10/4/2026,OPEN,19711.14,USD,Ground Handling Buying Team,CC-014,2,15,19711.14,Pushback service; Load-control service,GR-0139,8/4/2026,15,100,ACCEPTED,SIN-OPS,Receipt recorded,INV-0139,30/3/2026,19711.14,MATCHED,NONE,0,29/5/2026,SCHEDULED,1/8/2026,82.6,85.3,91.9,3,85.9,AMBER,124,Y,N,Y,N,Y,OVERDUE_PO;CONTRACT_EXPIRING_90D
2026-08-12T10:00:00+08:00,SYNTHETIC INTERNAL DEMO,REQ-0140,21/2/2026,Flight Operations,URGENT,Catering,Catering operational requirement 0140,23433.67,BUDGETED,N,Department Manager,APPROVED,SUP-018,Horizon Services 18,Singapore,LOW,APPROVED,REVIEW_DUE,Y,CTR-004,Catering Framework 04,EXPIRING,10/3/2024,28/9/2026,267934.75,N,60,PO-0140,3/3/2026,13/3/2026,CANCELLED,26213.15,USD,Catering Buying Team,CC-015,2,17,26213.15,Catering uplift service; Economy meal set,GR-0140,10/3/2026,0,0,ACCEPTED,BKK-OPS,Receipt recorded,INV-0140,6/4/2026,26213.15,MATCHED,NONE,0,5/6/2026,SCHEDULED,1/8/2026,91.6,97.1,94.9,1,94.4,GREEN,0,N,N,Y,N,Y,CONTRACT_EXPIRING_90D;SCREENING_REVIEW_DUE
2026-08-12T10:00:00+08:00,SYNTHETIC INTERNAL DEMO,REQ-0141,26/2/2026,Airport Operations,NORMAL,IT and Cloud,IT and Cloud operational requirement 0141,54464.59,BUDGETED,N,Department Director,APPROVED,SUP-021,Aero Logistics 21,United States,LOW,APPROVED,CLEARED,N,CTR-005,IT and Cloud Framework 05,EXPIRING,2/4/2024,6/10/2026,228008.37,N,90,PO-0141,9/3/2026,20/3/2026,PARTIALLY_RECEIVED,61182.8,USD,IT and Cloud Buying Team,CC-016,2,19,61182.8,Cloud compute subscription; Endpoint security licence,GR-0141,20/3/2026,10.45,55,ACCEPTED,KUL-MRO,Receipt recorded,INV-0141,13/4/2026,61182.8,MATCHED,NONE,0,12/6/2026,PAID,1/8/2026,91.2,92.7,95.5,0,92.8,GREEN,145,Y,N,Y,N,Y,OVERDUE_PO;CONTRACT_EXPIRING_90D
2026-08-12T10:00:00+08:00,SYNTHETIC INTERNAL DEMO,REQ-0142,3/3/2026,Inflight Services,NORMAL,Facilities,Facilities operational requirement 0142,150752.23,BUDGETED,N,Business VP,APPROVED,SUP-024,Altitude Logistics 24,Japan,LOW,APPROVED,CLEARED,N,CTR-006,Facilities Framework 06,EXPIRING,25/4/2024,14/10/2026,494898.92,Y,30,PO-0142,15/3/2026,27/3/2026,OPEN,23716.34,USD,Facilities Buying Team,CC-017,2,21,23716.34,Terminal office cleaning; Ground power inspection,GR-0142,26/3/2026,21,100,ACCEPTED,KUL-CARGO,Receipt recorded,INV-0142,20/4/2026,23716.34,MATCHED,NONE,0,19/6/2026,SCHEDULED,1/8/2026,87.9,92.8,95.6,1,91.5,AMBER,138,Y,N,Y,N,Y,OVERDUE_PO;CONTRACT_EXPIRING_90D
2026-08-12T10:00:00+08:00,SYNTHETIC INTERNAL DEMO,REQ-0143,8/3/2026,Digital,NORMAL,Uniforms,Uniforms operational requirement 0143,33988.49,BUDGETED,Y,Department Director,APPROVED,SUP-027,Wingtip Logistics 27,Thailand,LOW,APPROVED,REVIEW_DUE,Y,CTR-007,Uniforms Framework 07,EXPIRING,18/5/2024,22/10/2026,247366.36,N,60,PO-0143,21/3/2026,3/4/2026,OPEN,29569.93,USD,Uniforms Buying Team,CC-018,2,23,29569.93,Ground staff uniform set; Safety footwear,GR-0143,1/4/2026,23,100,ACCEPTED,SIN-OPS,Receipt recorded,INV-0143,27/4/2026,29569.93,MATCHED,NONE,0,26/6/2026,SCHEDULED,1/8/2026,89.4,96.8,96.4,0,93.7,GREEN,131,Y,N,Y,N,Y,OVERDUE_PO;CONTRACT_EXPIRING_90D;SCREENING_REVIEW_DUE
2026-08-12T10:00:00+08:00,SYNTHETIC INTERNAL DEMO,REQ-0144,13/3/2026,Corporate Services,NORMAL,Professional Services,Professional Services operational requirement 0144,99804.85,BUDGETED,N,Department Director,PENDING_APPROVAL,SUP-030,Terminal Logistics 30,Germany,MEDIUM,APPROVED,CLEARED,N,CTR-008,Professional Services Framework 08,EXPIRING,10/6/2024,30/10/2026,734603.89,N,90,PO-0144,15/3/2026,29/3/2026,CLOSED,22355.37,USD,Professional Services Buying Team,CC-001,2,13,22355.37,Legal advisory; Technical consulting,GR-0144,26/3/2026,13,100,ACCEPTED,BKK-OPS,Receipt recorded,INV-0144,22/4/2026,23361.36,EXCEPTION,PRICE_VARIANCE,1005.99,21/6/2026,ON_HOLD,1/8/2026,82,90.4,92.3,3,87.5,AMBER,0,N,N,Y,Y,Y,CONTRACT_EXPIRING_90D;INVOICE_PRICE_VARIANCE
2026-08-12T10:00:00+08:00,SYNTHETIC INTERNAL DEMO,REQ-0145,18/3/2026,Engineering,URGENT,MRO Parts,MRO Parts operational requirement 0145,80789.02,BUDGETED,N,Department Director,APPROVED,SUP-033,Runway Systems 33,Malaysia,LOW,APPROVED,CLEARED,Y,CTR-001,MRO Parts Framework 01,EXPIRING,1/1/2024,4/9/2026,184973.78,N,60,PO-0145,21/3/2026,5/4/2026,OPEN,20238.33,USD,MRO Parts Buying Team,CC-002,2,3,20238.33,Hydraulic pump assembly; Brake wear kit,GR-0145,10/4/2026,3,100,ACCEPTED,KUL-MRO,Receipt recorded,INV-0145,29/4/2026,20238.33,MATCHED,NONE,0,28/6/2026,PAID,1/8/2026,88.3,91.3,94.9,0,91,GREEN,129,Y,N,Y,N,Y,OVERDUE_PO;CONTRACT_EXPIRING_90D
2026-08-12T10:00:00+08:00,SYNTHETIC INTERNAL DEMO,REQ-0146,23/3/2026,Flight Operations,NORMAL,Fuel,Fuel operational requirement 0146,176458.17,BUDGETED,N,Business VP,APPROVED,SUP-036,Jetstream Systems 36,United Kingdom,LOW,APPROVED,REVIEW_DUE,N,CTR-002,Fuel Framework 02,EXPIRING,24/1/2024,12/9/2026,239082.17,N,90,PO-0146,27/3/2026,12/4/2026,OPEN,17625,USD,Fuel Buying Team,CC-003,2,15000,17625,Fuel quality inspection; Into-plane service,GR-0146,11/4/2026,15000,100,ACCEPTED,KUL-CARGO,Receipt recorded,INV-0146,6/5/2026,17625,EXCEPTION,DUPLICATE_RISK,0,5/7/2026,ON_HOLD,1/8/2026,92.8,95.4,96,1,94.5,GREEN,122,Y,N,Y,Y,Y,OVERDUE_PO;CONTRACT_EXPIRING_90D;INVOICE_DUPLICATE_RISK;SCREENING_REVIEW_DUE
2026-08-12T10:00:00+08:00,SYNTHETIC INTERNAL DEMO,REQ-0147,28/3/2026,Airport Operations,NORMAL,Ground Handling,Ground Handling operational requirement 0147,95539.27,BUDGETED,N,Department Director,APPROVED,SUP-039,Cloudline Systems 39,United Arab Emirates,HIGH,APPROVED,CLEARED,N,CTR-003,Ground Handling Framework 03,EXPIRING,16/2/2024,20/9/2026,86534.73,N,30,PO-0147,2/4/2026,19/4/2026,PARTIALLY_RECEIVED,9159.99,USD,Ground Handling Buying Team,CC-004,2,7,9159.99,Pushback service; Load-control service,GR-0147,17/4/2026,4.97,71,ACCEPTED,SIN-OPS,Receipt recorded,INV-0147,13/5/2026,9159.99,MATCHED,NONE,0,12/7/2026,SCHEDULED,1/8/2026,70.2,86.2,86.9,5,80,RED,115,Y,N,Y,N,Y,OVERDUE_PO;CONTRACT_EXPIRING_90D;SUPPLIER_HIGH_RISK;SCORECARD_RED
2026-08-12T10:00:00+08:00,SYNTHETIC INTERNAL DEMO,REQ-0148,2/4/2026,Inflight Services,NORMAL,Catering,Catering operational requirement 0148,74648.01,BUDGETED,N,Department Director,APPROVED,SUP-002,Nimbus Supply 02,Singapore,LOW,APPROVED,CLEARED,Y,CTR-004,Catering Framework 04,EXPIRING,10/3/2024,28/9/2026,267934.75,N,60,PO-0148,8/4/2026,26/4/2026,CLOSED,14415.58,USD,Catering Buying Team,CC-005,2,9,14415.58,Catering uplift service; Economy meal set,GR-0148,23/4/2026,9,100,ACCEPTED,BKK-OPS,Receipt recorded,INV-0148,20/5/2026,14415.58,MATCHED,NONE,0,4/7/2026,SCHEDULED,1/8/2026,84.9,96,97.5,1,91.9,AMBER,0,N,N,Y,N,Y,CONTRACT_EXPIRING_90D
2026-08-12T10:00:00+08:00,SYNTHETIC INTERNAL DEMO,REQ-0149,7/4/2026,Digital,NORMAL,IT and Cloud,IT and Cloud operational requirement 0149,43890.83,BUDGETED,N,Department Director,APPROVED,SUP-005,Skybridge Supply 05,United States,MEDIUM,APPROVED,CLEARED,N,CTR-005,IT and Cloud Framework 05,EXPIRING,2/4/2024,6/10/2026,228008.37,N,90,PO-0149,14/4/2026,3/5/2026,OPEN,33782.25,USD,IT and Cloud Buying Team,CC-006,2,11,33782.25,Cloud compute subscription; Endpoint security licence,GR-0149,3/5/2026,11,100,ACCEPTED,KUL-MRO,Receipt recorded,INV-0149,27/5/2026,33782.25,MATCHED,NONE,0,11/7/2026,PAID,1/8/2026,86.2,93,91.2,2,89.8,AMBER,101,Y,N,Y,N,Y,OVERDUE_PO;CONTRACT_EXPIRING_90D
2026-08-12T10:00:00+08:00,SYNTHETIC INTERNAL DEMO,REQ-0150,12/4/2026,Corporate Services,URGENT,Facilities,Facilities operational requirement 0150,116899.21,BUDGETED,N,Business VP,APPROVED,SUP-008,Horizon Supply 08,Japan,LOW,APPROVED,CLEARED,N,CTR-006,Facilities Framework 06,EXPIRING,25/4/2024,14/10/2026,494898.92,Y,30,PO-0150,20/4/2026,10/5/2026,CANCELLED,21429.24,USD,Facilities Buying Team,CC-007,2,13,21429.24,Terminal office cleaning; Ground power inspection,GR-0150,9/5/2026,0,0,ACCEPTED,KUL-CARGO,Receipt recorded,INV-0150,3/6/2026,21429.24,MATCHED,NONE,0,18/7/2026,SCHEDULED,1/8/2026,89.7,94.4,98.8,1,93.6,GREEN,0,N,N,Y,N,Y,CONTRACT_EXPIRING_90D
2026-08-12T10:00:00+08:00,SYNTHETIC INTERNAL DEMO,REQ-0151,17/4/2026,Engineering,NORMAL,Uniforms,Uniforms operational requirement 0151,60533.56,BUDGETED,N,Department Director,APPROVED,SUP-011,Aero Services 11,Thailand,LOW,APPROVED,CLEARED,Y,CTR-007,Uniforms Framework 07,EXPIRING,18/5/2024,22/10/2026,247366.36,N,60,PO-0151,26/4/2026,17/5/2026,OPEN,14641.34,USD,Uniforms Buying Team,CC-008,2,15,14641.34,Ground staff uniform set; Safety footwear,GR-0151,15/5/2026,15,100,ACCEPTED,SIN-OPS,Receipt recorded,INV-0151,11/5/2026,14641.34,MATCHED,NONE,0,25/6/2026,SCHEDULED,1/8/2026,91.3,93.3,98.2,0,93.7,GREEN,87,Y,N,Y,N,Y,OVERDUE_PO;CONTRACT_EXPIRING_90D
2026-08-12T10:00:00+08:00,SYNTHETIC INTERNAL DEMO,REQ-0152,22/4/2026,Flight Operations,NORMAL,Professional Services,Professional Services operational requirement 0152,71987.72,UNBUDGETED,N,Department Director,APPROVED,SUP-014,Altitude Services 14,Germany,LOW,APPROVED,CLEARED,N,CTR-008,Professional Services Framework 08,EXPIRING,10/6/2024,30/10/2026,734603.89,N,90,PO-0152,2/5/2026,24/5/2026,CLOSED,18633.83,USD,Professional Services Buying Team,CC-009,2,17,18633.83,Legal advisory; Technical consulting,GR-0152,21/5/2026,17,100,ACCEPTED,BKK-OPS,Receipt recorded,INV-0152,18/5/2026,18633.83,MATCHED,NONE,0,2/7/2026,SCHEDULED,1/8/2026,85,92.8,93.3,1,89.8,AMBER,0,N,N,Y,N,Y,CONTRACT_EXPIRING_90D
2026-08-12T10:00:00+08:00,SYNTHETIC INTERNAL DEMO,REQ-0153,27/4/2026,Airport Operations,AOG,MRO Parts,Restore aircraft availability for synthetic event AOG-0153,181344.5,BUDGETED,Y,CPO + Accountable Executive,PENDING_APPROVAL,SUP-017,Wingtip Services 17,Malaysia,LOW,SUSPENDED,HOLD,Y,CTR-001,MRO Parts Framework 01,EXPIRING,1/1/2024,4/9/2026,184973.78,N,60,PO-0153,8/5/2026,10/5/2026,PARTIALLY_RECEIVED,198933.13,USD,MRO Parts Buying Team,CC-010,2,19,198933.13,Hydraulic pump assembly; Brake wear kit,GR-0153,10/5/2026,10.45,55,ACCEPTED,KUL-MRO,Receipt recorded,INV-0153,25/5/2026,198933.13,MATCHED,NONE,0,9/7/2026,PAID,1/8/2026,95.3,92.8,95.7,0,94.5,GREEN,94,Y,N,Y,N,Y,AOG_REQUEST;OVERDUE_PO;CONTRACT_EXPIRING_90D;SCREENING_HOLD
2026-08-12T10:00:00+08:00,SYNTHETIC INTERNAL DEMO,REQ-0154,2/5/2026,Inflight Services,NORMAL,Fuel,Fuel operational requirement 0154,1686404.39,BUDGETED,Y,Chief Procurement Officer,APPROVED,SUP-020,Terminal Services 20,United Kingdom,MEDIUM,APPROVED,CLEARED,N,CTR-002,Fuel Framework 02,EXPIRING,24/1/2024,12/9/2026,239082.17,N,90,PO-0154,14/5/2026,7/6/2026,OPEN,20800,USD,Fuel Buying Team,CC-011,2,13000,20800,Fuel quality inspection; Into-plane service,GR-0154,13/6/2026,13000,100,HOLD,KUL-CARGO,Synthetic inspection hold,INV-0154,1/6/2026,20800,EXCEPTION,MISSING_RECEIPT,0,16/7/2026,ON_HOLD,1/8/2026,81,88.5,89.6,2,85.8,AMBER,66,Y,N,Y,Y,Y,OVERDUE_PO;CONTRACT_EXPIRING_90D;RECEIPT_HOLD;INVOICE_MISSING_RECEIPT
2026-08-12T10:00:00+08:00,SYNTHETIC INTERNAL DEMO,REQ-0155,7/5/2026,Digital,URGENT,Ground Handling,Ground Handling operational requirement 0155,42741.42,BUDGETED,N,Department Director,APPROVED,SUP-023,Runway Logistics 23,United Arab Emirates,LOW,APPROVED,CLEARED,N,CTR-003,Ground Handling Framework 03,EXPIRING,16/2/2024,20/9/2026,86534.73,N,30,PO-0155,20/5/2026,14/6/2026,OPEN,24575.39,USD,Ground Handling Buying Team,CC-012,2,23,24575.39,Pushback service; Load-control service,GR-0155,12/6/2026,23,100,ACCEPTED,SIN-OPS,Receipt recorded,INV-0155,8/6/2026,25066.9,EXCEPTION,QUANTITY_VARIANCE,491.51,23/7/2026,ON_HOLD,1/8/2026,95.3,97.7,94.6,0,96,GREEN,59,Y,N,Y,Y,Y,OVERDUE_PO;CONTRACT_EXPIRING_90D;INVOICE_QUANTITY_VARIANCE
2026-08-12T10:00:00+08:00,SYNTHETIC INTERNAL DEMO,REQ-0156,12/5/2026,Corporate Services,NORMAL,Catering,Catering operational requirement 0156,86731.16,BUDGETED,N,Department Director,APPROVED,SUP-026,Jetstream Logistics 26,Singapore,HIGH,APPROVED,CLEARED,Y,CTR-004,Catering Framework 04,EXPIRING,10/3/2024,28/9/2026,267934.75,N,60,PO-0156,14/5/2026,9/6/2026,CLOSED,9887.19,USD,Catering Buying Team,CC-013,2,13,9887.19,Catering uplift service; Economy meal set,GR-0156,6/6/2026,13,100,REJECTED,BKK-OPS,Synthetic quality rejection - engineering review required,INV-0156,3/6/2026,9887.19,MATCHED,NONE,0,18/7/2026,SCHEDULED,1/8/2026,70.5,81.9,87.9,4,78.8,RED,0,N,N,Y,N,Y,CONTRACT_EXPIRING_90D;RECEIPT_REJECTED;SUPPLIER_HIGH_RISK;SCORECARD_RED
2026-08-12T10:00:00+08:00,SYNTHETIC INTERNAL DEMO,REQ-0157,17/5/2026,Engineering,NORMAL,IT and Cloud,IT and Cloud operational requirement 0157,120083.66,BUDGETED,N,Business VP,APPROVED,SUP-029,Cloudline Logistics 29,United States,LOW,APPROVED,CLEARED,N,CTR-005,IT and Cloud Framework 05,EXPIRING,2/4/2024,6/10/2026,228008.37,N,90,PO-0157,20/5/2026,16/6/2026,OPEN,13164.93,USD,IT and Cloud Buying Team,CC-014,2,3,13164.93,Cloud compute subscription; Endpoint security licence,GR-0157,16/6/2026,3,100,ACCEPTED,KUL-MRO,Receipt recorded,INV-0157,10/6/2026,13757.35,EXCEPTION,PRICE_VARIANCE,592.42,25/7/2026,ON_HOLD,1/8/2026,88.7,96.1,95.9,0,93.1,GREEN,57,Y,N,Y,Y,Y,OVERDUE_PO;CONTRACT_EXPIRING_90D;INVOICE_PRICE_VARIANCE
2026-08-12T10:00:00+08:00,SYNTHETIC INTERNAL DEMO,REQ-0158,22/5/2026,Flight Operations,NORMAL,Facilities,Facilities operational requirement 0158,17400.11,BUDGETED,N,Department Manager,APPROVED,SUP-032,Nimbus Systems 32,Japan,LOW,APPROVED,CLEARED,N,CTR-006,Facilities Framework 06,EXPIRING,25/4/2024,14/10/2026,494898.92,Y,30,PO-0158,26/5/2026,23/6/2026,OPEN,4007.73,USD,Facilities Buying Team,CC-015,2,5,4007.73,Terminal office cleaning; Ground power inspection,GR-0158,22/6/2026,5,100,ACCEPTED,KUL-CARGO,Receipt recorded,INV-0158,17/6/2026,4007.73,MATCHED,NONE,0,1/8/2026,SCHEDULED,1/8/2026,94.5,90.7,97,1,93.8,GREEN,50,Y,N,Y,N,Y,OVERDUE_PO;CONTRACT_EXPIRING_90D
2026-08-12T10:00:00+08:00,SYNTHETIC INTERNAL DEMO,REQ-0159,27/5/2026,Airport Operations,NORMAL,Uniforms,Uniforms operational requirement 0159,44975.94,BUDGETED,N,Department Director,APPROVED,SUP-035,Skybridge Systems 35,Thailand,MEDIUM,APPROVED,CLEARED,Y,CTR-007,Uniforms Framework 07,EXPIRING,18/5/2024,22/10/2026,247366.36,N,60,PO-0159,1/6/2026,30/6/2026,PARTIALLY_RECEIVED,9059.27,USD,Uniforms Buying Team,CC-016,2,7,9059.27,Ground staff uniform set; Safety footwear,GR-0159,28/6/2026,4.97,71,ACCEPTED,SIN-OPS,Receipt recorded,INV-0159,24/6/2026,9059.27,MATCHED,NONE,0,8/8/2026,SCHEDULED,1/8/2026,85,90,93.1,2,88.8,AMBER,43,Y,N,Y,N,Y,OVERDUE_PO;CONTRACT_EXPIRING_90D
2026-08-12T10:00:00+08:00,SYNTHETIC INTERNAL DEMO,REQ-0160,1/6/2026,Inflight Services,URGENT,Professional Services,Professional Services operational requirement 0160,118938.65,BUDGETED,N,Business VP,APPROVED,SUP-038,Horizon Systems 38,Germany,LOW,APPROVED,CLEARED,N,CTR-008,Professional Services Framework 08,EXPIRING,10/6/2024,30/10/2026,734603.89,N,90,PO-0160,7/6/2026,7/7/2026,CANCELLED,8264.23,USD,Professional Services Buying Team,CC-017,2,9,8264.23,Legal advisory; Technical consulting,GR-0160,4/7/2026,0,0,ACCEPTED,BKK-OPS,Receipt recorded,INV-0160,1/7/2026,8264.23,MATCHED,NONE,0,15/8/2026,SCHEDULED,1/8/2026,86,94.4,98.3,1,92,AMBER,0,N,N,Y,N,Y,CONTRACT_EXPIRING_90D
2026-08-12T10:00:00+08:00,SYNTHETIC INTERNAL DEMO,REQ-0161,6/6/2026,Digital,NORMAL,MRO Parts,MRO Parts operational requirement 0161,254097.27,BUDGETED,N,Business VP,APPROVED,SUP-001,Aero Supply 01,Malaysia,LOW,APPROVED,CLEARED,Y,CTR-001,MRO Parts Framework 01,EXPIRING,1/1/2024,4/9/2026,184973.78,N,60,PO-0161,13/6/2026,14/7/2026,OPEN,101796.9,USD,MRO Parts Buying Team,CC-018,2,11,101796.9,Hydraulic pump assembly; Brake wear kit,GR-0161,14/7/2026,11,100,ACCEPTED,KUL-MRO,Receipt recorded,INV-0161,8/7/2026,101796.9,MATCHED,NONE,0,7/8/2026,PAID,1/8/2026,88.3,96.9,93.2,0,92.5,GREEN,29,Y,N,Y,N,Y,OVERDUE_PO;CONTRACT_EXPIRING_90D
2026-08-12T10:00:00+08:00,SYNTHETIC INTERNAL DEMO,REQ-0162,11/6/2026,Corporate Services,NORMAL,Fuel,Fuel operational requirement 0162,797373.63,BUDGETED,N,Chief Procurement Officer,PENDING_APPROVAL,SUP-004,Altitude Supply 04,United Kingdom,LOW,APPROVED,CLEARED,N,CTR-002,Fuel Framework 02,EXPIRING,24/1/2024,12/9/2026,239082.17,N,90,PO-0162,19/6/2026,21/7/2026,PARTIALLY_RECEIVED,16280,USD,Fuel Buying Team,CC-001,2,11000,16280,Fuel quality inspection; Into-plane service,GR-0162,20/7/2026,6930,63,ACCEPTED,KUL-CARGO,Receipt recorded,INV-0162,15/7/2026,16280,MATCHED,NONE,0,14/8/2026,SCHEDULED,1/8/2026,88.9,92.4,97.2,1,92.2,GREEN,22,Y,N,Y,N,Y,OVERDUE_PO;CONTRACT_EXPIRING_90D
2026-08-12T10:00:00+08:00,SYNTHETIC INTERNAL DEMO,REQ-0163,16/6/2026,Engineering,NORMAL,Ground Handling,Ground Handling operational requirement 0163,97898.89,BUDGETED,N,Department Director,APPROVED,SUP-007,Wingtip Supply 07,United Arab Emirates,LOW,APPROVED,CLEARED,N,CTR-003,Ground Handling Framework 03,EXPIRING,16/2/2024,20/9/2026,86534.73,N,30,PO-0163,25/6/2026,28/7/2026,OPEN,14436.73,USD,Ground Handling Buying Team,CC-002,2,15,14436.73,Pushback service; Load-control service,GR-0163,4/8/2026,15,100,ACCEPTED,SIN-OPS,Receipt recorded,INV-0163,22/7/2026,14436.73,MATCHED,NONE,0,21/8/2026,SCHEDULED,1/8/2026,90.4,96.9,95.5,0,94,GREEN,15,Y,N,Y,N,Y,OVERDUE_PO;CONTRACT_EXPIRING_90D
2026-08-12T10:00:00+08:00,SYNTHETIC INTERNAL DEMO,REQ-0164,21/6/2026,Flight Operations,NORMAL,Catering,Catering operational requirement 0164,119797.27,BUDGETED,N,Business VP,APPROVED,SUP-010,Terminal Supply 10,Singapore,MEDIUM,APPROVED,CLEARED,Y,CTR-004,Catering Framework 04,EXPIRING,10/3/2024,28/9/2026,267934.75,N,60,PO-0164,1/7/2026,4/8/2026,CLOSED,19505.77,USD,Catering Buying Team,CC-003,2,17,19505.77,Catering uplift service; Economy meal set,GR-0164,1/8/2026,17,100,ACCEPTED,BKK-OPS,Receipt recorded,INV-0164,29/7/2026,19505.77,MATCHED,NONE,0,28/8/2026,SCHEDULED,1/8/2026,83.3,85.6,92.7,1,86.5,AMBER,0,N,N,Y,N,Y,CONTRACT_EXPIRING_90D
2026-08-12T10:00:00+08:00,SYNTHETIC INTERNAL DEMO,REQ-0165,26/6/2026,Airport Operations,URGENT,IT and Cloud,IT and Cloud operational requirement 0165,103636.63,BUDGETED,Y,Business VP,APPROVED,SUP-013,Runway Services 13,United States,HIGH,APPROVED,CLEARED,N,CTR-005,IT and Cloud Framework 05,EXPIRING,2/4/2024,6/10/2026,228008.37,N,90,PO-0165,7/7/2026,11/8/2026,PARTIALLY_RECEIVED,74449.59,USD,IT and Cloud Buying Team,CC-004,2,19,74449.59,Cloud compute subscription; Endpoint security licence,GR-0165,11/8/2026,10.45,55,ACCEPTED,KUL-MRO,Receipt recorded,INV-0165,5/8/2026,74449.59,MATCHED,NONE,0,4/9/2026,PAID,1/8/2026,74.7,82.5,89.9,3,81.2,RED,1,Y,N,Y,N,Y,OVERDUE_PO;CONTRACT_EXPIRING_90D;SUPPLIER_HIGH_RISK;SCORECARD_RED
2026-08-12T10:00:00+08:00,SYNTHETIC INTERNAL DEMO,REQ-0166,1/7/2026,Inflight Services,NORMAL,Facilities,Facilities operational requirement 0166,76392.78,BUDGETED,N,Department Director,APPROVED,SUP-016,Jetstream Services 16,Japan,LOW,APPROVED,CLEARED,N,CTR-006,Facilities Framework 06,EXPIRING,25/4/2024,14/10/2026,494898.92,Y,30,PO-0166,13/7/2026,18/8/2026,OPEN,26881.07,USD,Facilities Buying Team,CC-005,2,21,26881.07,Terminal office cleaning; Ground power inspection,GR-0166,17/8/2026,21,100,ACCEPTED,KUL-CARGO,Receipt recorded,INV-0166,12/8/2026,27418.69,EXCEPTION,QUANTITY_VARIANCE,537.62,11/9/2026,ON_HOLD,1/8/2026,94.6,98,95.9,1,96.1,GREEN,0,N,N,Y,Y,Y,CONTRACT_EXPIRING_90D;INVOICE_QUANTITY_VARIANCE
2026-08-12T10:00:00+08:00,SYNTHETIC INTERNAL DEMO,REQ-0167,6/7/2026,Digital,NORMAL,Uniforms,Uniforms operational requirement 0167,62592.02,BUDGETED,N,Department Director,APPROVED,SUP-019,Cloudline Services 19,Thailand,LOW,APPROVED,CLEARED,Y,CTR-007,Uniforms Framework 07,EXPIRING,18/5/2024,22/10/2026,247366.36,N,60,PO-0167,19/7/2026,25/8/2026,OPEN,21394.96,USD,Uniforms Buying Team,CC-006,2,23,21394.96,Ground staff uniform set; Safety footwear,GR-0167,23/8/2026,23,100,ACCEPTED,SIN-OPS,Receipt recorded,INV-0167,19/8/2026,21394.96,MATCHED,NONE,0,18/9/2026,SCHEDULED,1/8/2026,85.3,93.1,98.1,0,91.2,AMBER,0,N,N,Y,N,Y,CONTRACT_EXPIRING_90D
2026-08-12T10:00:00+08:00,SYNTHETIC INTERNAL DEMO,REQ-0168,11/7/2026,Corporate Services,NORMAL,Professional Services,Professional Services operational requirement 0168,102547.66,BUDGETED,N,Business VP,APPROVED,SUP-022,Nimbus Logistics 22,Germany,LOW,APPROVED,CLEARED,N,CTR-008,Professional Services Framework 08,EXPIRING,10/6/2024,30/10/2026,734603.89,N,90,PO-0168,13/7/2026,20/8/2026,CLOSED,16858.77,USD,Professional Services Buying Team,CC-007,2,13,16858.77,Legal advisory; Technical consulting,GR-0168,17/8/2026,13,100,ACCEPTED,BKK-OPS,Receipt recorded,INV-0168,14/8/2026,16858.77,MATCHED,NONE,0,13/9/2026,SCHEDULED,1/8/2026,90.2,95.7,94,1,93.1,GREEN,0,N,N,Y,N,Y,CONTRACT_EXPIRING_90D
2026-08-12T10:00:00+08:00,SYNTHETIC INTERNAL DEMO,REQ-0169,16/7/2026,Engineering,NORMAL,MRO Parts,MRO Parts operational requirement 0169,382860.56,BUDGETED,N,Business VP,APPROVED,SUP-025,Skybridge Logistics 25,Malaysia,MEDIUM,APPROVED,CLEARED,Y,CTR-001,MRO Parts Framework 01,EXPIRING,1/1/2024,4/9/2026,184973.78,N,60,PO-0169,19/7/2026,27/8/2026,OPEN,18481.43,USD,MRO Parts Buying Team,CC-008,2,3,18481.43,Hydraulic pump assembly; Brake wear kit,GR-0169,27/8/2026,3,100,ACCEPTED,KUL-MRO,Receipt recorded,INV-0169,21/8/2026,18481.43,MATCHED,NONE,0,20/9/2026,PAID,1/8/2026,81.7,86.3,91.2,1,85.7,AMBER,0,N,N,Y,N,Y,CONTRACT_EXPIRING_90D
2026-08-12T10:00:00+08:00,SYNTHETIC INTERNAL DEMO,REQ-0170,21/7/2026,Flight Operations,AOG,Fuel,Restore aircraft availability for synthetic event AOG-0170,1309915.38,BUDGETED,Y,CPO + CFO + Accountable Executive,APPROVED,SUP-028,Horizon Logistics 28,United Kingdom,LOW,APPROVED,CLEARED,N,CTR-002,Fuel Framework 02,EXPIRING,24/1/2024,12/9/2026,239082.17,N,90,PO-0170,25/7/2026,29/7/2026,CANCELLED,17670,USD,Fuel Buying Team,CC-009,2,19000,17670,Fuel quality inspection; Into-plane service,GR-0170,28/7/2026,0,0,ACCEPTED,KUL-CARGO,Receipt recorded,INV-0170,28/8/2026,18465.15,EXCEPTION,PRICE_VARIANCE,795.15,27/9/2026,ON_HOLD,1/8/2026,91.2,96,94.8,1,93.8,GREEN,0,N,N,Y,Y,Y,AOG_REQUEST;CONTRACT_EXPIRING_90D;INVOICE_PRICE_VARIANCE
2026-08-12T10:00:00+08:00,SYNTHETIC INTERNAL DEMO,REQ-0171,26/7/2026,Airport Operations,NORMAL,Ground Handling,Ground Handling operational requirement 0171,35144.01,UNBUDGETED,N,Department Director,PENDING_APPROVAL,SUP-031,Aero Systems 31,United Arab Emirates,LOW,APPROVED,CLEARED,N,CTR-003,Ground Handling Framework 03,EXPIRING,16/2/2024,20/9/2026,86534.73,N,30,PO-0171,31/7/2026,10/9/2026,PARTIALLY_RECEIVED,6925.51,USD,Ground Handling Buying Team,CC-010,2,7,6925.51,Pushback service; Load-control service,GR-0171,8/9/2026,4.97,71,HOLD,SIN-OPS,Synthetic inspection hold,INV-0171,4/9/2026,6925.51,EXCEPTION,MISSING_RECEIPT,0,4/10/2026,ON_HOLD,1/8/2026,87.9,97.3,94.9,0,92.9,AMBER,0,N,N,Y,Y,Y,CONTRACT_EXPIRING_90D;RECEIPT_HOLD;INVOICE_MISSING_RECEIPT
2026-08-12T10:00:00+08:00,SYNTHETIC INTERNAL DEMO,REQ-0172,31/7/2026,Inflight Services,NORMAL,Catering,Catering operational requirement 0172,87613.84,BUDGETED,N,Department Director,APPROVED,SUP-034,Altitude Systems 34,Singapore,LOW,SUSPENDED,HOLD,Y,CTR-004,Catering Framework 04,EXPIRING,10/3/2024,28/9/2026,267934.75,N,60,PO-0172,6/8/2026,17/9/2026,CLOSED,14034.37,USD,Catering Buying Team,CC-011,2,9,14034.37,Catering uplift service; Economy meal set,GR-0172,25/9/2026,9,100,ACCEPTED,BKK-OPS,Receipt recorded,INV-0172,11/9/2026,14034.37,MATCHED,NONE,0,11/10/2026,SCHEDULED,1/8/2026,88.1,92.5,94.9,1,91.3,GREEN,0,N,N,Y,N,Y,CONTRACT_EXPIRING_90D;SCREENING_HOLD
2026-08-12T10:00:00+08:00,SYNTHETIC INTERNAL DEMO,REQ-0173,2/1/2026,Digital,NORMAL,IT and Cloud,IT and Cloud operational requirement 0173,140136.42,BUDGETED,N,Business VP,APPROVED,SUP-037,Wingtip Systems 37,United States,LOW,APPROVED,CLEARED,N,CTR-005,IT and Cloud Framework 05,EXPIRING,2/4/2024,6/10/2026,228008.37,N,90,PO-0173,9/1/2026,21/2/2026,OPEN,48431.52,USD,IT and Cloud Buying Team,CC-012,2,11,48431.52,Cloud compute subscription; Endpoint security licence,GR-0173,21/2/2026,11,100,ACCEPTED,KUL-MRO,Receipt recorded,INV-0173,15/2/2026,48431.52,MATCHED,NONE,0,17/3/2026,PAID,1/8/2026,88.7,96.5,95.4,0,93.1,GREEN,172,Y,N,Y,N,Y,OVERDUE_PO;CONTRACT_EXPIRING_90D
2026-08-12T10:00:00+08:00,SYNTHETIC INTERNAL DEMO,REQ-0174,7/1/2026,Corporate Services,NORMAL,Facilities,Facilities operational requirement 0174,148426.19,BUDGETED,N,Business VP,APPROVED,SUP-040,Terminal Systems 40,Japan,MEDIUM,APPROVED,CLEARED,N,CTR-006,Facilities Framework 06,EXPIRING,25/4/2024,14/10/2026,494898.92,Y,30,PO-0174,15/1/2026,28/2/2026,PARTIALLY_RECEIVED,12593.34,USD,Facilities Buying Team,CC-013,2,13,12593.34,Terminal office cleaning; Ground power inspection,GR-0174,27/2/2026,8.19,63,ACCEPTED,KUL-CARGO,Receipt recorded,INV-0174,22/2/2026,12593.34,MATCHED,NONE,0,24/3/2026,SCHEDULED,1/8/2026,79.2,89.1,94,1,86.4,AMBER,165,Y,N,Y,N,Y,OVERDUE_PO;CONTRACT_EXPIRING_90D
2026-08-12T10:00:00+08:00,SYNTHETIC INTERNAL DEMO,REQ-0175,12/1/2026,Engineering,URGENT,Uniforms,Uniforms operational requirement 0175,23502.94,BUDGETED,N,Department Manager,APPROVED,SUP-003,Runway Supply 03,Thailand,LOW,APPROVED,CLEARED,Y,CTR-007,Uniforms Framework 07,EXPIRING,18/5/2024,22/10/2026,247366.36,N,60,PO-0175,21/1/2026,31/1/2026,OPEN,20430.32,USD,Uniforms Buying Team,CC-014,2,15,20430.32,Ground staff uniform set; Safety footwear,GR-0175,29/1/2026,15,100,ACCEPTED,SIN-OPS,Receipt recorded,INV-0175,1/3/2026,20430.32,EXCEPTION,DUPLICATE_RISK,0,30/4/2026,ON_HOLD,1/8/2026,87.4,91.8,93.7,0,90.5,AMBER,193,Y,N,Y,Y,Y,OVERDUE_PO;CONTRACT_EXPIRING_90D;INVOICE_DUPLICATE_RISK
2026-08-12T10:00:00+08:00,SYNTHETIC INTERNAL DEMO,REQ-0176,17/1/2026,Flight Operations,NORMAL,Professional Services,Professional Services operational requirement 0176,19186.27,BUDGETED,Y,Department Manager,APPROVED,SUP-006,Jetstream Supply 06,Germany,LOW,APPROVED,CLEARED,N,CTR-008,Professional Services Framework 08,EXPIRING,10/6/2024,30/10/2026,734603.89,N,90,PO-0176,27/1/2026,7/2/2026,CLOSED,13255.3,USD,Professional Services Buying Team,CC-015,2,17,13255.3,Legal advisory; Technical consulting,GR-0176,4/2/2026,17,100,ACCEPTED,BKK-OPS,Receipt recorded,INV-0176,8/3/2026,13255.3,MATCHED,NONE,0,7/5/2026,SCHEDULED,1/8/2026,86.1,97.4,96.5,1,92.7,AMBER,0,N,N,Y,N,Y,CONTRACT_EXPIRING_90D
2026-08-12T10:00:00+08:00,SYNTHETIC INTERNAL DEMO,REQ-0177,22/1/2026,Airport Operations,NORMAL,MRO Parts,MRO Parts operational requirement 0177,309471.04,BUDGETED,N,Business VP,APPROVED,SUP-009,Cloudline Supply 09,Malaysia,LOW,APPROVED,REVIEW_DUE,Y,CTR-001,MRO Parts Framework 01,EXPIRING,1/1/2024,4/9/2026,184973.78,N,60,PO-0177,2/2/2026,14/2/2026,PARTIALLY_RECEIVED,184614.71,USD,MRO Parts Buying Team,CC-016,2,19,184614.71,Hydraulic pump assembly; Brake wear kit,GR-0177,14/2/2026,10.45,55,ACCEPTED,KUL-MRO,Receipt recorded,INV-0177,15/3/2026,188307,EXCEPTION,QUANTITY_VARIANCE,3692.29,14/5/2026,ON_HOLD,1/8/2026,93.6,91.4,98.7,0,94.1,GREEN,179,Y,N,Y,Y,Y,OVERDUE_PO;CONTRACT_EXPIRING_90D;INVOICE_QUANTITY_VARIANCE;SCREENING_REVIEW_DUE
2026-08-12T10:00:00+08:00,SYNTHETIC INTERNAL DEMO,REQ-0178,27/1/2026,Inflight Services,NORMAL,Fuel,Fuel operational requirement 0178,332162.1,BUDGETED,N,Business VP,APPROVED,SUP-012,Nimbus Services 12,United Kingdom,LOW,APPROVED,CLEARED,N,CTR-002,Fuel Framework 02,EXPIRING,24/1/2024,12/9/2026,239082.17,N,90,PO-0178,8/2/2026,21/2/2026,OPEN,25840,USD,Fuel Buying Team,CC-017,2,17000,25840,Fuel quality inspection; Into-plane service,GR-0178,20/2/2026,17000,100,ACCEPTED,KUL-CARGO,Receipt recorded,INV-0178,22/3/2026,25840,MATCHED,NONE,0,21/5/2026,SCHEDULED,1/8/2026,86.8,96.1,98.4,1,93,AMBER,172,Y,N,Y,N,Y,OVERDUE_PO;CONTRACT_EXPIRING_90D
2026-08-12T10:00:00+08:00,SYNTHETIC INTERNAL DEMO,REQ-0179,1/2/2026,Digital,NORMAL,Ground Handling,Ground Handling operational requirement 0179,50844.51,BUDGETED,N,Department Director,APPROVED,SUP-015,Skybridge Services 15,United Arab Emirates,MEDIUM,APPROVED,CLEARED,N,CTR-003,Ground Handling Framework 03,EXPIRING,16/2/2024,20/9/2026,86534.73,N,30,PO-0179,14/2/2026,28/2/2026,OPEN,32418.03,USD,Ground Handling Buying Team,CC-018,2,23,32418.03,Pushback service; Load-control service,GR-0179,26/2/2026,23,100,ACCEPTED,SIN-OPS,Receipt recorded,INV-0179,29/3/2026,32418.03,MATCHED,NONE,0,28/5/2026,SCHEDULED,1/8/2026,82.6,85.3,91.9,3,85.9,AMBER,165,Y,N,Y,N,Y,OVERDUE_PO;CONTRACT_EXPIRING_90D
2026-08-12T10:00:00+08:00,SYNTHETIC INTERNAL DEMO,REQ-0180,6/2/2026,Corporate Services,URGENT,Catering,Catering operational requirement 0180,114507.93,BUDGETED,N,Business VP,PENDING_APPROVAL,SUP-018,Horizon Services 18,Singapore,LOW,APPROVED,REVIEW_DUE,Y,CTR-004,Catering Framework 04,EXPIRING,10/3/2024,28/9/2026,267934.75,N,60,PO-0180,8/2/2026,23/2/2026,CANCELLED,15459.64,USD,Catering Buying Team,CC-001,2,13,15459.64,Catering uplift service; Economy meal set,GR-0180,20/2/2026,0,0,ACCEPTED,BKK-OPS,Receipt recorded,INV-0180,24/3/2026,15459.64,MATCHED,NONE,0,23/5/2026,SCHEDULED,1/8/2026,91.6,97.1,94.9,1,94.4,GREEN,0,N,N,Y,N,Y,CONTRACT_EXPIRING_90D;SCREENING_REVIEW_DUE
2026-08-12T10:00:00+08:00,SYNTHETIC INTERNAL DEMO,REQ-0181,11/2/2026,Engineering,NORMAL,IT and Cloud,IT and Cloud operational requirement 0181,155944.17,BUDGETED,N,Business VP,APPROVED,SUP-021,Aero Logistics 21,United States,LOW,APPROVED,CLEARED,N,CTR-005,IT and Cloud Framework 05,EXPIRING,2/4/2024,6/10/2026,228008.37,N,90,PO-0181,14/2/2026,2/3/2026,OPEN,13616.25,USD,IT and Cloud Buying Team,CC-002,2,3,13616.25,Cloud compute subscription; Endpoint security licence,GR-0181,11/3/2026,3,100,ACCEPTED,KUL-MRO,Receipt recorded,INV-0181,1/3/2026,13616.25,MATCHED,NONE,0,30/4/2026,PAID,1/8/2026,91.2,92.7,95.5,0,92.8,GREEN,163,Y,N,Y,N,Y,OVERDUE_PO;CONTRACT_EXPIRING_90D
2026-08-12T10:00:00+08:00,SYNTHETIC INTERNAL DEMO,REQ-0182,16/2/2026,Flight Operations,NORMAL,Facilities,Facilities operational requirement 0182,131616.72,BUDGETED,N,Business VP,APPROVED,SUP-024,Altitude Logistics 24,Japan,LOW,APPROVED,CLEARED,N,CTR-006,Facilities Framework 06,EXPIRING,25/4/2024,14/10/2026,494898.92,Y,30,PO-0182,20/2/2026,9/3/2026,OPEN,7965.28,USD,Facilities Buying Team,CC-003,2,5,7965.28,Terminal office cleaning; Ground power inspection,GR-0182,8/3/2026,5,100,ACCEPTED,KUL-CARGO,Receipt recorded,INV-0182,8/3/2026,7965.28,MATCHED,NONE,0,7/5/2026,SCHEDULED,1/8/2026,87.9,92.8,95.6,1,91.5,AMBER,156,Y,N,Y,N,Y,OVERDUE_PO;CONTRACT_EXPIRING_90D
2026-08-12T10:00:00+08:00,SYNTHETIC INTERNAL DEMO,REQ-0183,21/2/2026,Airport Operations,NORMAL,Uniforms,Uniforms operational requirement 0183,147705.79,BUDGETED,N,Business VP,APPROVED,SUP-027,Wingtip Logistics 27,Thailand,LOW,APPROVED,REVIEW_DUE,Y,CTR-007,Uniforms Framework 07,EXPIRING,18/5/2024,22/10/2026,247366.36,N,60,PO-0183,26/2/2026,16/3/2026,PARTIALLY_RECEIVED,7252.55,USD,Uniforms Buying Team,CC-004,2,7,7252.55,Ground staff uniform set; Safety footwear,GR-0183,14/3/2026,4.97,71,ACCEPTED,SIN-OPS,Receipt recorded,INV-0183,15/3/2026,7578.91,EXCEPTION,PRICE_VARIANCE,326.36,14/5/2026,ON_HOLD,1/8/2026,89.4,96.8,96.4,0,93.7,GREEN,149,Y,N,Y,Y,Y,OVERDUE_PO;CONTRACT_EXPIRING_90D;INVOICE_PRICE_VARIANCE;SCREENING_REVIEW_DUE
2026-08-12T10:00:00+08:00,SYNTHETIC INTERNAL DEMO,REQ-0184,26/2/2026,Inflight Services,NORMAL,Professional Services,Professional Services operational requirement 0184,127113.64,BUDGETED,N,Business VP,APPROVED,SUP-030,Terminal Logistics 30,Germany,MEDIUM,APPROVED,CLEARED,N,CTR-008,Professional Services Framework 08,EXPIRING,10/6/2024,30/10/2026,734603.89,N,90,PO-0184,4/3/2026,23/3/2026,CLOSED,11571.16,USD,Professional Services Buying Team,CC-005,2,9,11571.16,Legal advisory; Technical consulting,GR-0184,20/3/2026,9,100,ACCEPTED,BKK-OPS,Receipt recorded,INV-0184,22/3/2026,11571.16,MATCHED,NONE,0,21/5/2026,SCHEDULED,1/8/2026,82,90.4,92.3,3,87.5,AMBER,0,N,N,Y,N,Y,CONTRACT_EXPIRING_90D
2026-08-12T10:00:00+08:00,SYNTHETIC INTERNAL DEMO,REQ-0185,3/3/2026,Digital,URGENT,MRO Parts,MRO Parts operational requirement 0185,394538.82,BUDGETED,N,Business VP,APPROVED,SUP-033,Runway Systems 33,Malaysia,LOW,APPROVED,CLEARED,Y,CTR-001,MRO Parts Framework 01,EXPIRING,1/1/2024,4/9/2026,184973.78,N,60,PO-0185,10/3/2026,30/3/2026,OPEN,111148.79,USD,MRO Parts Buying Team,CC-006,2,11,111148.79,Hydraulic pump assembly; Brake wear kit,GR-0185,30/3/2026,11,100,ACCEPTED,KUL-MRO,Receipt recorded,INV-0185,29/3/2026,111148.79,MATCHED,NONE,0,28/5/2026,PAID,1/8/2026,88.3,91.3,94.9,0,91,GREEN,135,Y,N,Y,N,Y,OVERDUE_PO;CONTRACT_EXPIRING_90D
2026-08-12T10:00:00+08:00,SYNTHETIC INTERNAL DEMO,REQ-0186,8/3/2026,Corporate Services,NORMAL,Fuel,Fuel operational requirement 0186,922485.53,BUDGETED,N,Chief Procurement Officer,APPROVED,SUP-036,Jetstream Systems 36,United Kingdom,LOW,APPROVED,REVIEW_DUE,N,CTR-002,Fuel Framework 02,EXPIRING,24/1/2024,12/9/2026,239082.17,N,90,PO-0186,16/3/2026,6/4/2026,PARTIALLY_RECEIVED,14700,USD,Fuel Buying Team,CC-007,2,15000,14700,Fuel quality inspection; Into-plane service,GR-0186,5/4/2026,9450,63,ACCEPTED,KUL-CARGO,Receipt recorded,INV-0186,5/4/2026,14700,MATCHED,NONE,0,4/6/2026,SCHEDULED,1/8/2026,92.8,95.4,96,1,94.5,GREEN,128,Y,N,Y,N,Y,OVERDUE_PO;CONTRACT_EXPIRING_90D;SCREENING_REVIEW_DUE
2026-08-12T10:00:00+08:00,SYNTHETIC INTERNAL DEMO,REQ-0187,13/3/2026,Engineering,AOG,Ground Handling,Restore aircraft availability for synthetic event AOG-0187,19134.68,BUDGETED,Y,CPO + Accountable Executive,APPROVED,SUP-039,Cloudline Systems 39,United Arab Emirates,HIGH,APPROVED,CLEARED,N,CTR-003,Ground Handling Framework 03,EXPIRING,16/2/2024,20/9/2026,86534.73,N,30,PO-0187,22/3/2026,25/3/2026,OPEN,23516.91,USD,Ground Handling Buying Team,CC-008,2,15,23516.91,Pushback service; Load-control service,GR-0187,23/3/2026,15,100,REJECTED,SIN-OPS,Synthetic quality rejection - engineering review required,INV-0187,12/4/2026,23516.91,MATCHED,NONE,0,11/6/2026,SCHEDULED,1/8/2026,70.2,86.2,86.9,5,80,RED,140,Y,N,Y,N,Y,AOG_REQUEST;OVERDUE_PO;CONTRACT_EXPIRING_90D;RECEIPT_REJECTED;SUPPLIER_HIGH_RISK;SCORECARD_RED
2026-08-12T10:00:00+08:00,SYNTHETIC INTERNAL DEMO,REQ-0188,18/3/2026,Flight Operations,NORMAL,Catering,Catering operational requirement 0188,73272.4,BUDGETED,N,Department Director,APPROVED,SUP-002,Nimbus Supply 02,Singapore,LOW,APPROVED,CLEARED,Y,CTR-004,Catering Framework 04,EXPIRING,10/3/2024,28/9/2026,267934.75,N,60,PO-0188,28/3/2026,20/4/2026,CLOSED,18321.33,USD,Catering Buying Team,CC-009,2,17,18321.33,Catering uplift service; Economy meal set,GR-0188,17/4/2026,17,100,HOLD,BKK-OPS,Synthetic inspection hold,INV-0188,19/4/2026,18687.76,EXCEPTION,QUANTITY_VARIANCE,366.43,3/6/2026,ON_HOLD,1/8/2026,84.9,96,97.5,1,91.9,AMBER,0,N,N,Y,Y,Y,CONTRACT_EXPIRING_90D;RECEIPT_HOLD;INVOICE_QUANTITY_VARIANCE
2026-08-12T10:00:00+08:00,SYNTHETIC INTERNAL DEMO,REQ-0189,23/3/2026,Airport Operations,NORMAL,IT and Cloud,IT and Cloud operational requirement 0189,42976.63,BUDGETED,N,Department Director,PENDING_APPROVAL,SUP-005,Skybridge Supply 05,United States,MEDIUM,APPROVED,CLEARED,N,CTR-005,IT and Cloud Framework 05,EXPIRING,2/4/2024,6/10/2026,228008.37,N,90,PO-0189,3/4/2026,27/4/2026,PARTIALLY_RECEIVED,73952.38,USD,IT and Cloud Buying Team,CC-010,2,19,73952.38,Cloud compute subscription; Endpoint security licence,GR-0189,27/4/2026,10.45,55,ACCEPTED,KUL-MRO,Receipt recorded,INV-0189,26/4/2026,73952.38,MATCHED,NONE,0,10/6/2026,PAID,1/8/2026,86.2,93,91.2,2,89.8,AMBER,107,Y,N,Y,N,Y,OVERDUE_PO;CONTRACT_EXPIRING_90D
2026-08-12T10:00:00+08:00,SYNTHETIC INTERNAL DEMO,REQ-0190,28/3/2026,Inflight Services,URGENT,Facilities,Facilities operational requirement 0190,65804.34,UNBUDGETED,N,Department Director,APPROVED,SUP-008,Horizon Supply 08,Japan,LOW,APPROVED,CLEARED,N,CTR-006,Facilities Framework 06,EXPIRING,25/4/2024,14/10/2026,494898.92,Y,30,PO-0190,9/4/2026,4/5/2026,CANCELLED,23074.14,USD,Facilities Buying Team,CC-011,2,21,23074.14,Terminal office cleaning; Ground power inspection,GR-0190,14/5/2026,0,0,ACCEPTED,KUL-CARGO,Receipt recorded,INV-0190,3/5/2026,23074.14,MATCHED,NONE,0,17/6/2026,SCHEDULED,1/8/2026,89.7,94.4,98.8,1,93.6,GREEN,0,N,N,Y,N,Y,CONTRACT_EXPIRING_90D
2026-08-12T10:00:00+08:00,SYNTHETIC INTERNAL DEMO,REQ-0191,2/4/2026,Digital,NORMAL,Uniforms,Uniforms operational requirement 0191,81104.9,BUDGETED,N,Department Director,APPROVED,SUP-011,Aero Services 11,Thailand,LOW,APPROVED,CLEARED,Y,CTR-007,Uniforms Framework 07,EXPIRING,18/5/2024,22/10/2026,247366.36,N,60,PO-0191,15/4/2026,11/5/2026,OPEN,23608.81,USD,Uniforms Buying Team,CC-012,2,23,23608.81,Ground staff uniform set; Safety footwear,GR-0191,9/5/2026,23,100,ACCEPTED,SIN-OPS,Receipt recorded,INV-0191,10/5/2026,23608.81,MATCHED,NONE,0,24/6/2026,SCHEDULED,1/8/2026,91.3,93.3,98.2,0,93.7,GREEN,93,Y,N,Y,N,Y,OVERDUE_PO;CONTRACT_EXPIRING_90D
2026-08-12T10:00:00+08:00,SYNTHETIC INTERNAL DEMO,REQ-0192,7/4/2026,Corporate Services,NORMAL,Professional Services,Professional Services operational requirement 0192,110882.91,BUDGETED,N,Business VP,APPROVED,SUP-014,Altitude Services 14,Germany,LOW,APPROVED,CLEARED,N,CTR-008,Professional Services Framework 08,EXPIRING,10/6/2024,30/10/2026,734603.89,N,90,PO-0192,9/4/2026,6/5/2026,CLOSED,12514.83,USD,Professional Services Buying Team,CC-013,2,13,12514.83,Legal advisory; Technical consulting,GR-0192,3/5/2026,13,100,ACCEPTED,BKK-OPS,Receipt recorded,INV-0192,5/5/2026,12514.83,MATCHED,NONE,0,19/6/2026,SCHEDULED,1/8/2026,85,92.8,93.3,1,89.8,AMBER,0,N,N,Y,N,Y,CONTRACT_EXPIRING_90D
2026-08-12T10:00:00+08:00,SYNTHETIC INTERNAL DEMO,REQ-0193,12/4/2026,Engineering,NORMAL,MRO Parts,MRO Parts operational requirement 0193,298197.45,BUDGETED,N,Business VP,APPROVED,SUP-017,Wingtip Services 17,Malaysia,LOW,SUSPENDED,HOLD,Y,CTR-001,MRO Parts Framework 01,EXPIRING,1/1/2024,4/9/2026,184973.78,N,60,PO-0193,15/4/2026,13/5/2026,OPEN,18598.72,USD,MRO Parts Buying Team,CC-014,2,3,18598.72,Hydraulic pump assembly; Brake wear kit,GR-0193,13/5/2026,3,100,ACCEPTED,KUL-MRO,Receipt recorded,INV-0193,12/5/2026,18598.72,MATCHED,NONE,0,26/6/2026,PAID,1/8/2026,95.3,92.8,95.7,0,94.5,GREEN,91,Y,N,Y,N,Y,OVERDUE_PO;CONTRACT_EXPIRING_90D;SCREENING_HOLD
2026-08-12T10:00:00+08:00,SYNTHETIC INTERNAL DEMO,REQ-0194,17/4/2026,Flight Operations,NORMAL,Fuel,Fuel operational requirement 0194,897152.91,BUDGETED,N,Chief Procurement Officer,APPROVED,SUP-020,Terminal Services 20,United Kingdom,MEDIUM,APPROVED,CLEARED,N,CTR-002,Fuel Framework 02,EXPIRING,24/1/2024,12/9/2026,239082.17,N,90,PO-0194,21/4/2026,20/5/2026,OPEN,16055,USD,Fuel Buying Team,CC-015,2,13000,16055,Fuel quality inspection; Into-plane service,GR-0194,19/5/2026,13000,100,ACCEPTED,KUL-CARGO,Receipt recorded,INV-0194,19/5/2026,16055,MATCHED,NONE,0,3/7/2026,SCHEDULED,1/8/2026,81,88.5,89.6,2,85.8,AMBER,84,Y,N,Y,N,Y,OVERDUE_PO;CONTRACT_EXPIRING_90D
2026-08-12T10:00:00+08:00,SYNTHETIC INTERNAL DEMO,REQ-0195,22/4/2026,Airport Operations,URGENT,Ground Handling,Ground Handling operational requirement 0195,124446.69,BUDGETED,N,Business VP,APPROVED,SUP-023,Runway Logistics 23,United Arab Emirates,LOW,APPROVED,CLEARED,N,CTR-003,Ground Handling Framework 03,EXPIRING,16/2/2024,20/9/2026,86534.73,N,30,PO-0195,27/4/2026,27/5/2026,PARTIALLY_RECEIVED,10524.95,USD,Ground Handling Buying Team,CC-016,2,7,10524.95,Pushback service; Load-control service,GR-0195,25/5/2026,4.97,71,ACCEPTED,SIN-OPS,Receipt recorded,INV-0195,26/5/2026,10524.95,MATCHED,NONE,0,10/7/2026,SCHEDULED,1/8/2026,95.3,97.7,94.6,0,96,GREEN,77,Y,N,Y,N,Y,OVERDUE_PO;CONTRACT_EXPIRING_90D
2026-08-12T10:00:00+08:00,SYNTHETIC INTERNAL DEMO,REQ-0196,27/4/2026,Inflight Services,NORMAL,Catering,Catering operational requirement 0196,32072.2,BUDGETED,N,Department Director,APPROVED,SUP-026,Jetstream Logistics 26,Singapore,HIGH,APPROVED,CLEARED,Y,CTR-004,Catering Framework 04,EXPIRING,10/3/2024,28/9/2026,267934.75,N,60,PO-0196,3/5/2026,3/6/2026,CLOSED,12986.15,USD,Catering Buying Team,CC-017,2,9,12986.15,Catering uplift service; Economy meal set,GR-0196,31/5/2026,9,100,ACCEPTED,BKK-OPS,Receipt recorded,INV-0196,2/6/2026,13570.53,EXCEPTION,PRICE_VARIANCE,584.38,17/7/2026,ON_HOLD,1/8/2026,70.5,81.9,87.9,4,78.8,RED,0,N,N,Y,Y,Y,CONTRACT_EXPIRING_90D;INVOICE_PRICE_VARIANCE;SUPPLIER_HIGH_RISK;SCORECARD_RED
2026-08-12T10:00:00+08:00,SYNTHETIC INTERNAL DEMO,REQ-0197,2/5/2026,Digital,NORMAL,IT and Cloud,IT and Cloud operational requirement 0197,140487.52,BUDGETED,N,Business VP,APPROVED,SUP-029,Cloudline Logistics 29,United States,LOW,APPROVED,CLEARED,N,CTR-005,IT and Cloud Framework 05,EXPIRING,2/4/2024,6/10/2026,228008.37,N,90,PO-0197,9/5/2026,10/6/2026,OPEN,45081.61,USD,IT and Cloud Buying Team,CC-018,2,11,45081.61,Cloud compute subscription; Endpoint security licence,GR-0197,10/6/2026,11,100,ACCEPTED,KUL-MRO,Receipt recorded,INV-0197,9/6/2026,45081.61,MATCHED,NONE,0,24/7/2026,PAID,1/8/2026,88.7,96.1,95.9,0,93.1,GREEN,63,Y,N,Y,N,Y,OVERDUE_PO;CONTRACT_EXPIRING_90D
2026-08-12T10:00:00+08:00,SYNTHETIC INTERNAL DEMO,REQ-0198,7/5/2026,Corporate Services,NORMAL,Facilities,Facilities operational requirement 0198,59708.96,BUDGETED,Y,Department Director,PENDING_APPROVAL,SUP-032,Nimbus Systems 32,Japan,LOW,APPROVED,CLEARED,N,CTR-006,Facilities Framework 06,EXPIRING,25/4/2024,14/10/2026,494898.92,Y,30,PO-0198,15/5/2026,17/6/2026,PARTIALLY_RECEIVED,18429.61,USD,Facilities Buying Team,CC-001,2,13,18429.61,Terminal office cleaning; Ground power inspection,GR-0198,16/6/2026,8.19,63,ACCEPTED,KUL-CARGO,Receipt recorded,INV-0198,16/6/2026,18429.61,MATCHED,NONE,0,31/7/2026,SCHEDULED,1/8/2026,94.5,90.7,97,1,93.8,GREEN,56,Y,N,Y,N,Y,OVERDUE_PO;CONTRACT_EXPIRING_90D
2026-08-12T10:00:00+08:00,SYNTHETIC INTERNAL DEMO,REQ-0199,12/5/2026,Engineering,NORMAL,Uniforms,Uniforms operational requirement 0199,108543.07,BUDGETED,N,Business VP,APPROVED,SUP-035,Skybridge Systems 35,Thailand,MEDIUM,APPROVED,CLEARED,Y,CTR-007,Uniforms Framework 07,EXPIRING,18/5/2024,22/10/2026,247366.36,N,60,PO-0199,21/5/2026,24/6/2026,OPEN,24975.25,USD,Uniforms Buying Team,CC-002,2,15,24975.25,Ground staff uniform set; Safety footwear,GR-0199,5/7/2026,15,100,ACCEPTED,SIN-OPS,Receipt recorded,INV-0199,23/6/2026,25474.76,EXCEPTION,QUANTITY_VARIANCE,499.51,7/8/2026,ON_HOLD,1/8/2026,85,90,93.1,2,88.8,AMBER,49,Y,N,Y,Y,Y,OVERDUE_PO;CONTRACT_EXPIRING_90D;INVOICE_QUANTITY_VARIANCE
2026-08-12T10:00:00+08:00,SYNTHETIC INTERNAL DEMO,REQ-0200,17/5/2026,Flight Operations,URGENT,Professional Services,Professional Services operational requirement 0200,18747.41,BUDGETED,N,Department Manager,APPROVED,SUP-038,Horizon Systems 38,Germany,LOW,APPROVED,CLEARED,N,CTR-008,Professional Services Framework 08,EXPIRING,10/6/2024,30/10/2026,734603.89,N,90,PO-0200,27/5/2026,1/7/2026,CANCELLED,14585.64,USD,Professional Services Buying Team,CC-003,2,17,14585.64,Legal advisory; Technical consulting,GR-0200,28/6/2026,0,0,ACCEPTED,BKK-OPS,Receipt recorded,INV-0200,30/6/2026,14585.64,MATCHED,NONE,0,14/8/2026,SCHEDULED,1/8/2026,86,94.4,98.3,1,92,AMBER,0,N,N,Y,N,Y,CONTRACT_EXPIRING_90D
2026-08-12T10:00:00+08:00,SYNTHETIC INTERNAL DEMO,REQ-0201,22/5/2026,Airport Operations,NORMAL,MRO Parts,MRO Parts operational requirement 0201,372853.9,BUDGETED,N,Business VP,APPROVED,SUP-001,Aero Supply 01,Malaysia,LOW,APPROVED,CLEARED,Y,CTR-001,MRO Parts Framework 01,EXPIRING,1/1/2024,4/9/2026,184973.78,N,60,PO-0201,2/6/2026,8/7/2026,PARTIALLY_RECEIVED,187703.87,USD,MRO Parts Buying Team,CC-004,2,19,187703.87,Hydraulic pump assembly; Brake wear kit,GR-0201,8/7/2026,10.45,55,ACCEPTED,KUL-MRO,Receipt recorded,INV-0201,7/7/2026,187703.87,MATCHED,NONE,0,6/8/2026,PAID,1/8/2026,88.3,96.9,93.2,0,92.5,GREEN,35,Y,N,Y,N,Y,OVERDUE_PO;CONTRACT_EXPIRING_90D
2026-08-12T10:00:00+08:00,SYNTHETIC INTERNAL DEMO,REQ-0202,27/5/2026,Inflight Services,NORMAL,Fuel,Fuel operational requirement 0202,1482983.25,BUDGETED,N,Chief Procurement Officer,APPROVED,SUP-004,Altitude Supply 04,United Kingdom,LOW,APPROVED,CLEARED,N,CTR-002,Fuel Framework 02,EXPIRING,24/1/2024,12/9/2026,239082.17,N,90,PO-0202,8/6/2026,15/7/2026,OPEN,18425,USD,Fuel Buying Team,CC-005,2,11000,18425,Fuel quality inspection; Into-plane service,GR-0202,14/7/2026,11000,100,ACCEPTED,KUL-CARGO,Receipt recorded,INV-0202,14/7/2026,18425,MATCHED,NONE,0,13/8/2026,SCHEDULED,1/8/2026,88.9,92.4,97.2,1,92.2,GREEN,28,Y,N,Y,N,Y,OVERDUE_PO;CONTRACT_EXPIRING_90D
2026-08-12T10:00:00+08:00,SYNTHETIC INTERNAL DEMO,REQ-0203,1/6/2026,Digital,NORMAL,Ground Handling,Ground Handling operational requirement 0203,135041.79,BUDGETED,N,Business VP,APPROVED,SUP-007,Wingtip Supply 07,United Arab Emirates,LOW,APPROVED,CLEARED,N,CTR-003,Ground Handling Framework 03,EXPIRING,16/2/2024,20/9/2026,86534.73,N,30,PO-0203,14/6/2026,22/7/2026,OPEN,39456.23,USD,Ground Handling Buying Team,CC-006,2,23,39456.23,Pushback service; Load-control service,GR-0203,20/7/2026,23,100,ACCEPTED,SIN-OPS,Receipt recorded,INV-0203,21/7/2026,39456.23,MATCHED,NONE,0,20/8/2026,SCHEDULED,1/8/2026,90.4,96.9,95.5,0,94,GREEN,21,Y,N,Y,N,Y,OVERDUE_PO;CONTRACT_EXPIRING_90D
2026-08-12T10:00:00+08:00,SYNTHETIC INTERNAL DEMO,REQ-0204,6/6/2026,Corporate Services,AOG,Catering,Restore aircraft availability for synthetic event AOG-0204,26350.62,BUDGETED,Y,CPO + Accountable Executive,APPROVED,SUP-010,Terminal Supply 10,Singapore,MEDIUM,APPROVED,CLEARED,Y,CTR-004,Catering Framework 04,EXPIRING,10/3/2024,28/9/2026,267934.75,N,60,PO-0204,8/6/2026,10/6/2026,CLOSED,18070.52,USD,Catering Buying Team,CC-007,2,13,18070.52,Catering uplift service; Economy meal set,GR-0204,8/6/2026,13,100,ACCEPTED,BKK-OPS,Receipt recorded,INV-0204,16/7/2026,18070.52,EXCEPTION,DUPLICATE_RISK,0,15/8/2026,ON_HOLD,1/8/2026,83.3,85.6,92.7,1,86.5,AMBER,0,N,N,Y,Y,Y,AOG_REQUEST;CONTRACT_EXPIRING_90D;INVOICE_DUPLICATE_RISK
2026-08-12T10:00:00+08:00,SYNTHETIC INTERNAL DEMO,REQ-0205,11/6/2026,Engineering,URGENT,IT and Cloud,IT and Cloud operational requirement 0205,141848.68,BUDGETED,N,Business VP,APPROVED,SUP-013,Runway Services 13,United States,HIGH,APPROVED,CLEARED,N,CTR-005,IT and Cloud Framework 05,EXPIRING,2/4/2024,6/10/2026,228008.37,N,90,PO-0205,14/6/2026,24/7/2026,OPEN,8447.1,USD,IT and Cloud Buying Team,CC-008,2,3,8447.1,Cloud compute subscription; Endpoint security licence,GR-0205,24/7/2026,3,100,HOLD,KUL-MRO,Synthetic inspection hold,INV-0205,23/7/2026,8447.1,EXCEPTION,MISSING_RECEIPT,0,22/8/2026,ON_HOLD,1/8/2026,74.7,82.5,89.9,3,81.2,RED,19,Y,N,Y,Y,Y,OVERDUE_PO;CONTRACT_EXPIRING_90D;RECEIPT_HOLD;INVOICE_MISSING_RECEIPT;SUPPLIER_HIGH_RISK;SCORECARD_RED
2026-08-12T10:00:00+08:00,SYNTHETIC INTERNAL DEMO,REQ-0206,16/6/2026,Flight Operations,NORMAL,Facilities,Facilities operational requirement 0206,47086.57,BUDGETED,N,Department Director,APPROVED,SUP-016,Jetstream Services 16,Japan,LOW,APPROVED,CLEARED,N,CTR-006,Facilities Framework 06,EXPIRING,25/4/2024,14/10/2026,494898.92,Y,30,PO-0206,20/6/2026,31/7/2026,OPEN,5545.19,USD,Facilities Buying Team,CC-009,2,5,5545.19,Terminal office cleaning; Ground power inspection,GR-0206,30/7/2026,5,100,ACCEPTED,KUL-CARGO,Receipt recorded,INV-0206,30/7/2026,5545.19,MATCHED,NONE,0,29/8/2026,SCHEDULED,1/8/2026,94.6,98,95.9,1,96.1,GREEN,12,Y,N,Y,N,Y,OVERDUE_PO;CONTRACT_EXPIRING_90D
2026-08-12T10:00:00+08:00,SYNTHETIC INTERNAL DEMO,REQ-0207,21/6/2026,Airport Operations,NORMAL,Uniforms,Uniforms operational requirement 0207,143832.84,BUDGETED,N,Business VP,PENDING_APPROVAL,SUP-019,Cloudline Services 19,Thailand,LOW,APPROVED,CLEARED,Y,CTR-007,Uniforms Framework 07,EXPIRING,18/5/2024,22/10/2026,247366.36,N,60,PO-0207,26/6/2026,7/8/2026,PARTIALLY_RECEIVED,9213.54,USD,Uniforms Buying Team,CC-010,2,7,9213.54,Ground staff uniform set; Safety footwear,GR-0207,5/8/2026,4.97,71,ACCEPTED,SIN-OPS,Receipt recorded,INV-0207,6/8/2026,9213.54,MATCHED,NONE,0,5/9/2026,SCHEDULED,1/8/2026,85.3,93.1,98.1,0,91.2,AMBER,5,Y,N,Y,N,Y,OVERDUE_PO;CONTRACT_EXPIRING_90D
2026-08-12T10:00:00+08:00,SYNTHETIC INTERNAL DEMO,REQ-0208,26/6/2026,Inflight Services,NORMAL,Professional Services,Professional Services operational requirement 0208,93066.91,BUDGETED,N,Department Director,APPROVED,SUP-022,Nimbus Logistics 22,Germany,LOW,APPROVED,CLEARED,N,CTR-008,Professional Services Framework 08,EXPIRING,10/6/2024,30/10/2026,734603.89,N,90,PO-0208,2/7/2026,14/8/2026,CLOSED,12038.14,USD,Professional Services Buying Team,CC-011,2,9,12038.14,Legal advisory; Technical consulting,GR-0208,26/8/2026,9,100,ACCEPTED,BKK-OPS,Receipt recorded,INV-0208,13/8/2026,12038.14,MATCHED,NONE,0,12/9/2026,SCHEDULED,1/8/2026,90.2,95.7,94,1,93.1,GREEN,0,N,N,Y,N,Y,CONTRACT_EXPIRING_90D
2026-08-12T10:00:00+08:00,SYNTHETIC INTERNAL DEMO,REQ-0209,1/7/2026,Digital,NORMAL,MRO Parts,MRO Parts operational requirement 0209,391938.59,UNBUDGETED,Y,CPO + CFO,APPROVED,SUP-025,Skybridge Logistics 25,Malaysia,MEDIUM,APPROVED,CLEARED,Y,CTR-001,MRO Parts Framework 01,EXPIRING,1/1/2024,4/9/2026,184973.78,N,60,PO-0209,8/7/2026,21/8/2026,OPEN,97597.76,USD,MRO Parts Buying Team,CC-012,2,11,97597.76,Hydraulic pump assembly; Brake wear kit,GR-0209,21/8/2026,11,100,ACCEPTED,KUL-MRO,Receipt recorded,INV-0209,20/8/2026,101989.66,EXCEPTION,PRICE_VARIANCE,4391.9,19/9/2026,ON_HOLD,1/8/2026,81.7,86.3,91.2,1,85.7,AMBER,0,N,N,Y,Y,Y,CONTRACT_EXPIRING_90D;INVOICE_PRICE_VARIANCE
2026-08-12T10:00:00+08:00,SYNTHETIC INTERNAL DEMO,REQ-0210,6/7/2026,Corporate Services,URGENT,Fuel,Fuel operational requirement 0210,535003.55,BUDGETED,N,Chief Procurement Officer,APPROVED,SUP-028,Horizon Logistics 28,United Kingdom,LOW,APPROVED,CLEARED,N,CTR-002,Fuel Framework 02,EXPIRING,24/1/2024,12/9/2026,239082.17,N,90,PO-0210,14/7/2026,24/7/2026,CANCELLED,38095,USD,Fuel Buying Team,CC-013,2,19000,38095,Fuel quality inspection; Into-plane service,GR-0210,23/7/2026,0,0,ACCEPTED,KUL-CARGO,Receipt recorded,INV-0210,27/8/2026,38856.9,EXCEPTION,QUANTITY_VARIANCE,761.9,26/9/2026,ON_HOLD,1/8/2026,91.2,96,94.8,1,93.8,GREEN,0,N,N,Y,Y,Y,CONTRACT_EXPIRING_90D;INVOICE_QUANTITY_VARIANCE
2026-08-12T10:00:00+08:00,SYNTHETIC INTERNAL DEMO,REQ-0211,11/7/2026,Engineering,NORMAL,Ground Handling,Ground Handling operational requirement 0211,53541.61,BUDGETED,N,Department Director,APPROVED,SUP-031,Aero Systems 31,United Arab Emirates,LOW,APPROVED,CLEARED,N,CTR-003,Ground Handling Framework 03,EXPIRING,16/2/2024,20/9/2026,86534.73,N,30,PO-0211,20/7/2026,31/7/2026,OPEN,16261.06,USD,Ground Handling Buying Team,CC-014,2,15,16261.06,Pushback service; Load-control service,GR-0211,29/7/2026,15,100,ACCEPTED,SIN-OPS,Receipt recorded,INV-0211,4/8/2026,16261.06,MATCHED,NONE,0,3/9/2026,SCHEDULED,1/8/2026,87.9,97.3,94.9,0,92.9,AMBER,12,Y,N,Y,N,Y,OVERDUE_PO;CONTRACT_EXPIRING_90D
2026-08-12T10:00:00+08:00,SYNTHETIC INTERNAL DEMO,REQ-0212,16/7/2026,Flight Operations,NORMAL,Catering,Catering operational requirement 0212,19735.47,BUDGETED,N,Department Manager,APPROVED,SUP-034,Altitude Systems 34,Singapore,LOW,SUSPENDED,HOLD,Y,CTR-004,Catering Framework 04,EXPIRING,10/3/2024,28/9/2026,267934.75,N,60,PO-0212,26/7/2026,7/8/2026,CLOSED,17985.35,USD,Catering Buying Team,CC-015,2,17,17985.35,Catering uplift service; Economy meal set,GR-0212,4/8/2026,17,100,ACCEPTED,BKK-OPS,Receipt recorded,INV-0212,11/8/2026,17985.35,MATCHED,NONE,0,10/9/2026,SCHEDULED,1/8/2026,88.1,92.5,94.9,1,91.3,GREEN,0,N,N,Y,N,Y,CONTRACT_EXPIRING_90D;SCREENING_HOLD
2026-08-12T10:00:00+08:00,SYNTHETIC INTERNAL DEMO,REQ-0213,21/7/2026,Airport Operations,NORMAL,IT and Cloud,IT and Cloud operational requirement 0213,26331.38,BUDGETED,N,Department Director,APPROVED,SUP-037,Wingtip Systems 37,United States,LOW,APPROVED,CLEARED,N,CTR-005,IT and Cloud Framework 05,EXPIRING,2/4/2024,6/10/2026,228008.37,N,90,PO-0213,1/8/2026,14/8/2026,PARTIALLY_RECEIVED,54237.18,USD,IT and Cloud Buying Team,CC-016,2,19,54237.18,Cloud compute subscription; Endpoint security licence,GR-0213,14/8/2026,10.45,55,ACCEPTED,KUL-MRO,Receipt recorded,INV-0213,18/8/2026,54237.18,MATCHED,NONE,0,17/9/2026,PAID,1/8/2026,88.7,96.5,95.4,0,93.1,GREEN,0,N,N,Y,N,Y,CONTRACT_EXPIRING_90D
2026-08-12T10:00:00+08:00,SYNTHETIC INTERNAL DEMO,REQ-0214,26/7/2026,Inflight Services,NORMAL,Facilities,Facilities operational requirement 0214,91885.57,BUDGETED,N,Department Director,APPROVED,SUP-040,Terminal Systems 40,Japan,MEDIUM,APPROVED,CLEARED,N,CTR-006,Facilities Framework 06,EXPIRING,25/4/2024,14/10/2026,494898.92,Y,30,PO-0214,7/8/2026,21/8/2026,OPEN,15074.33,USD,Facilities Buying Team,CC-017,2,21,15074.33,Terminal office cleaning; Ground power inspection,GR-0214,20/8/2026,21,100,ACCEPTED,KUL-CARGO,Receipt recorded,INV-0214,25/8/2026,15074.33,MATCHED,NONE,0,24/9/2026,SCHEDULED,1/8/2026,79.2,89.1,94,1,86.4,AMBER,0,N,N,Y,N,Y,CONTRACT_EXPIRING_90D
2026-08-12T10:00:00+08:00,SYNTHETIC INTERNAL DEMO,REQ-0215,31/7/2026,Digital,URGENT,Uniforms,Uniforms operational requirement 0215,96787.71,BUDGETED,N,Department Director,APPROVED,SUP-003,Runway Supply 03,Thailand,LOW,APPROVED,CLEARED,Y,CTR-007,Uniforms Framework 07,EXPIRING,18/5/2024,22/10/2026,247366.36,N,60,PO-0215,13/8/2026,28/8/2026,OPEN,31742.99,USD,Uniforms Buying Team,CC-018,2,23,31742.99,Ground staff uniform set; Safety footwear,GR-0215,26/8/2026,23,100,ACCEPTED,SIN-OPS,Receipt recorded,INV-0215,1/9/2026,31742.99,MATCHED,NONE,0,31/10/2026,SCHEDULED,1/8/2026,87.4,91.8,93.7,0,90.5,AMBER,0,N,N,Y,N,Y,CONTRACT_EXPIRING_90D
2026-08-12T10:00:00+08:00,SYNTHETIC INTERNAL DEMO,REQ-0216,2/1/2026,Corporate Services,NORMAL,Professional Services,Professional Services operational requirement 0216,69713.87,BUDGETED,N,Department Director,PENDING_APPROVAL,SUP-006,Jetstream Supply 06,Germany,LOW,APPROVED,CLEARED,N,CTR-008,Professional Services Framework 08,EXPIRING,10/6/2024,30/10/2026,734603.89,N,90,PO-0216,4/1/2026,20/1/2026,CLOSED,13429.47,USD,Professional Services Buying Team,CC-001,2,13,13429.47,Legal advisory; Technical consulting,GR-0216,17/1/2026,13,100,ACCEPTED,BKK-OPS,Receipt recorded,INV-0216,24/1/2026,13429.47,MATCHED,NONE,0,25/3/2026,SCHEDULED,1/8/2026,86.1,97.4,96.5,1,92.7,AMBER,0,N,N,Y,N,Y,CONTRACT_EXPIRING_90D
2026-08-12T10:00:00+08:00,SYNTHETIC INTERNAL DEMO,REQ-0217,7/1/2026,Engineering,NORMAL,MRO Parts,MRO Parts operational requirement 0217,222655.39,BUDGETED,N,Business VP,APPROVED,SUP-009,Cloudline Supply 09,Malaysia,LOW,APPROVED,REVIEW_DUE,Y,CTR-001,MRO Parts Framework 01,EXPIRING,1/1/2024,4/9/2026,184973.78,N,60,PO-0217,10/1/2026,27/1/2026,OPEN,22608.69,USD,MRO Parts Buying Team,CC-002,2,3,22608.69,Hydraulic pump assembly; Brake wear kit,GR-0217,1/2/2026,3,100,ACCEPTED,KUL-MRO,Receipt recorded,INV-0217,31/1/2026,22608.69,MATCHED,NONE,0,1/4/2026,PAID,1/8/2026,93.6,91.4,98.7,0,94.1,GREEN,197,Y,N,Y,N,Y,OVERDUE_PO;CONTRACT_EXPIRING_90D;SCREENING_REVIEW_DUE
2026-08-12T10:00:00+08:00,SYNTHETIC INTERNAL DEMO,REQ-0218,12/1/2026,Flight Operations,NORMAL,Fuel,Fuel operational requirement 0218,559105.08,BUDGETED,N,Chief Procurement Officer,APPROVED,SUP-012,Nimbus Services 12,United Kingdom,LOW,APPROVED,CLEARED,N,CTR-002,Fuel Framework 02,EXPIRING,24/1/2024,12/9/2026,239082.17,N,90,PO-0218,16/1/2026,3/2/2026,OPEN,24310,USD,Fuel Buying Team,CC-003,2,17000,24310,Fuel quality inspection; Into-plane service,GR-0218,2/2/2026,17000,100,REJECTED,KUL-CARGO,Synthetic quality rejection - engineering review required,INV-0218,7/2/2026,24310,MATCHED,NONE,0,8/4/2026,SCHEDULED,1/8/2026,86.8,96.1,98.4,1,93,AMBER,190,Y,N,Y,N,Y,OVERDUE_PO;CONTRACT_EXPIRING_90D;RECEIPT_REJECTED
2026-08-12T10:00:00+08:00,SYNTHETIC INTERNAL DEMO,REQ-0219,17/1/2026,Airport Operations,NORMAL,Ground Handling,Ground Handling operational requirement 0219,128459.35,BUDGETED,N,Business VP,APPROVED,SUP-015,Skybridge Services 15,United Arab Emirates,MEDIUM,APPROVED,CLEARED,N,CTR-003,Ground Handling Framework 03,EXPIRING,16/2/2024,20/9/2026,86534.73,N,30,PO-0219,22/1/2026,10/2/2026,PARTIALLY_RECEIVED,10153.04,USD,Ground Handling Buying Team,CC-004,2,7,10153.04,Pushback service; Load-control service,GR-0219,8/2/2026,4.97,71,ACCEPTED,SIN-OPS,Receipt recorded,INV-0219,14/2/2026,10153.04,MATCHED,NONE,0,15/4/2026,SCHEDULED,1/8/2026,82.6,85.3,91.9,3,85.9,AMBER,183,Y,N,Y,N,Y,OVERDUE_PO;CONTRACT_EXPIRING_90D
2026-08-12T10:00:00+08:00,SYNTHETIC INTERNAL DEMO,REQ-0220,22/1/2026,Inflight Services,URGENT,Catering,Catering operational requirement 0220,53945.43,BUDGETED,Y,Department Director,APPROVED,SUP-018,Horizon Services 18,Singapore,LOW,APPROVED,REVIEW_DUE,Y,CTR-004,Catering Framework 04,EXPIRING,10/3/2024,28/9/2026,267934.75,N,60,PO-0220,28/1/2026,17/2/2026,CANCELLED,15808.14,USD,Catering Buying Team,CC-005,2,9,15808.14,Catering uplift service; Economy meal set,GR-0220,14/2/2026,0,0,ACCEPTED,BKK-OPS,Receipt recorded,INV-0220,21/2/2026,15808.14,MATCHED,NONE,0,22/4/2026,SCHEDULED,1/8/2026,91.6,97.1,94.9,1,94.4,GREEN,0,N,N,Y,N,Y,CONTRACT_EXPIRING_90D;SCREENING_REVIEW_DUE
2026-08-12T10:00:00+08:00,SYNTHETIC INTERNAL DEMO,REQ-0221,27/1/2026,Digital,AOG,IT and Cloud,Restore aircraft availability for synthetic event AOG-0221,135887.56,BUDGETED,Y,CPO + Accountable Executive,APPROVED,SUP-021,Aero Logistics 21,United States,LOW,APPROVED,CLEARED,N,CTR-005,IT and Cloud Framework 05,EXPIRING,2/4/2024,6/10/2026,228008.37,N,90,PO-0221,3/2/2026,7/2/2026,OPEN,26597.96,USD,IT and Cloud Buying Team,CC-006,2,11,26597.96,Cloud compute subscription; Endpoint security licence,,,,,,,,INV-0221,28/2/2026,27129.92,EXCEPTION,QUANTITY_VARIANCE,531.96,29/4/2026,ON_HOLD,1/8/2026,91.2,92.7,95.5,0,92.8,GREEN,186,Y,N,Y,Y,Y,AOG_REQUEST;OVERDUE_PO;CONTRACT_EXPIRING_90D;INVOICE_QUANTITY_VARIANCE
2026-08-12T10:00:00+08:00,SYNTHETIC INTERNAL DEMO,REQ-0222,1/2/2026,Corporate Services,NORMAL,Facilities,Facilities operational requirement 0222,90402.99,BUDGETED,N,Department Director,APPROVED,SUP-024,Altitude Logistics 24,Japan,LOW,APPROVED,CLEARED,N,CTR-006,Facilities Framework 06,EXPIRING,25/4/2024,14/10/2026,494898.92,Y,30,PO-0222,9/2/2026,3/3/2026,PARTIALLY_RECEIVED,15109.35,USD,Facilities Buying Team,CC-007,2,13,15109.35,Terminal office cleaning; Ground power inspection,,,,,,,,INV-0222,7/3/2026,15789.27,EXCEPTION,PRICE_VARIANCE,679.92,6/5/2026,ON_HOLD,1/8/2026,87.9,92.8,95.6,1,91.5,AMBER,162,Y,N,Y,Y,Y,OVERDUE_PO;CONTRACT_EXPIRING_90D;INVOICE_PRICE_VARIANCE
2026-08-12T10:00:00+08:00,SYNTHETIC INTERNAL DEMO,REQ-0223,6/2/2026,Engineering,NORMAL,Uniforms,Uniforms operational requirement 0223,33253.41,BUDGETED,N,Department Director,APPROVED,SUP-027,Wingtip Logistics 27,Thailand,LOW,APPROVED,REVIEW_DUE,Y,CTR-007,Uniforms Framework 07,EXPIRING,18/5/2024,22/10/2026,247366.36,N,60,PO-0223,15/2/2026,10/3/2026,OPEN,16051.84,USD,Uniforms Buying Team,CC-008,2,15,16051.84,Ground staff uniform set; Safety footwear,,,,,,,,INV-0223,14/3/2026,16051.84,MATCHED,NONE,0,13/5/2026,SCHEDULED,1/8/2026,89.4,96.8,96.4,0,93.7,GREEN,155,Y,N,Y,N,Y,OVERDUE_PO;CONTRACT_EXPIRING_90D;SCREENING_REVIEW_DUE
2026-08-12T10:00:00+08:00,SYNTHETIC INTERNAL DEMO,REQ-0224,11/2/2026,Flight Operations,NORMAL,Professional Services,Professional Services operational requirement 0224,106479.71,BUDGETED,N,Business VP,APPROVED,SUP-030,Terminal Logistics 30,Germany,MEDIUM,APPROVED,CLEARED,N,CTR-008,Professional Services Framework 08,EXPIRING,10/6/2024,30/10/2026,734603.89,N,90,PO-0224,21/2/2026,17/3/2026,CLOSED,22590.02,USD,Professional Services Buying Team,CC-009,2,17,22590.02,Legal advisory; Technical consulting,,,,,,,,INV-0224,21/3/2026,22590.02,MATCHED,NONE,0,20/5/2026,SCHEDULED,1/8/2026,82,90.4,92.3,3,87.5,AMBER,0,N,N,Y,N,Y,CONTRACT_EXPIRING_90D
2026-08-12T10:00:00+08:00,SYNTHETIC INTERNAL DEMO,REQ-0225,16/2/2026,Airport Operations,URGENT,MRO Parts,MRO Parts operational requirement 0225,138731.58,BUDGETED,N,Business VP,PENDING_APPROVAL,SUP-033,Runway Systems 33,Malaysia,LOW,APPROVED,CLEARED,Y,CTR-001,MRO Parts Framework 01,EXPIRING,1/1/2024,4/9/2026,184973.78,N,60,PO-0225,27/2/2026,24/3/2026,PARTIALLY_RECEIVED,151106.61,USD,MRO Parts Buying Team,CC-010,2,19,151106.61,Hydraulic pump assembly; Brake wear kit,,,,,,,,INV-0225,28/3/2026,151106.61,MATCHED,NONE,0,27/5/2026,PAID,1/8/2026,88.3,91.3,94.9,0,91,GREEN,141,Y,N,Y,N,Y,OVERDUE_PO;CONTRACT_EXPIRING_90D
2026-08-12T10:00:00+08:00,SYNTHETIC INTERNAL DEMO,REQ-0226,21/2/2026,Inflight Services,NORMAL,Fuel,Fuel operational requirement 0226,1299699.61,BUDGETED,N,Chief Procurement Officer,APPROVED,SUP-036,Jetstream Systems 36,United Kingdom,LOW,APPROVED,REVIEW_DUE,N,CTR-002,Fuel Framework 02,EXPIRING,24/1/2024,12/9/2026,239082.17,N,90,PO-0226,5/3/2026,31/3/2026,OPEN,22575,USD,Fuel Buying Team,CC-011,2,15000,22575,Fuel quality inspection; Into-plane service,,,,,,,,INV-0226,4/4/2026,22575,MATCHED,NONE,0,3/6/2026,SCHEDULED,1/8/2026,92.8,95.4,96,1,94.5,GREEN,134,Y,N,Y,N,Y,OVERDUE_PO;CONTRACT_EXPIRING_90D;SCREENING_REVIEW_DUE
2026-08-12T10:00:00+08:00,SYNTHETIC INTERNAL DEMO,REQ-0227,26/2/2026,Digital,NORMAL,Ground Handling,Ground Handling operational requirement 0227,82731.08,BUDGETED,N,Department Director,APPROVED,SUP-039,Cloudline Systems 39,United Arab Emirates,HIGH,APPROVED,CLEARED,N,CTR-003,Ground Handling Framework 03,EXPIRING,16/2/2024,20/9/2026,86534.73,N,30,PO-0227,11/3/2026,7/4/2026,OPEN,24658.26,USD,Ground Handling Buying Team,CC-012,2,23,24658.26,Pushback service; Load-control service,,,,,,,,INV-0227,11/4/2026,24658.26,MATCHED,NONE,0,10/6/2026,SCHEDULED,1/8/2026,70.2,86.2,86.9,5,80,RED,127,Y,N,Y,N,Y,OVERDUE_PO;CONTRACT_EXPIRING_90D;SUPPLIER_HIGH_RISK;SCORECARD_RED
2026-08-12T10:00:00+08:00,SYNTHETIC INTERNAL DEMO,REQ-0228,3/3/2026,Corporate Services,NORMAL,Catering,Catering operational requirement 0228,155696.21,UNBUDGETED,N,CPO + CFO,APPROVED,SUP-002,Nimbus Supply 02,Singapore,LOW,APPROVED,CLEARED,Y,CTR-004,Catering Framework 04,EXPIRING,10/3/2024,28/9/2026,267934.75,N,60,PO-0228,5/3/2026,2/4/2026,CLOSED,20694.27,USD,Catering Buying Team,CC-013,2,13,20694.27,Catering uplift service; Economy meal set,,,,,,,,INV-0228,6/4/2026,20694.27,MATCHED,NONE,0,21/5/2026,SCHEDULED,1/8/2026,84.9,96,97.5,1,91.9,AMBER,0,N,N,Y,N,Y,CONTRACT_EXPIRING_90D
2026-08-12T10:00:00+08:00,SYNTHETIC INTERNAL DEMO,REQ-0229,8/3/2026,Engineering,NORMAL,IT and Cloud,IT and Cloud operational requirement 0229,108931.08,BUDGETED,N,Business VP,APPROVED,SUP-005,Skybridge Supply 05,United States,MEDIUM,APPROVED,CLEARED,N,CTR-005,IT and Cloud Framework 05,EXPIRING,2/4/2024,6/10/2026,228008.37,N,90,PO-0229,11/3/2026,9/4/2026,OPEN,9209.54,USD,IT and Cloud Buying Team,CC-014,2,3,9209.54,Cloud compute subscription; Endpoint security licence,,,,,,,,INV-0229,13/4/2026,9209.54,MATCHED,NONE,0,28/5/2026,PAID,1/8/2026,86.2,93,91.2,2,89.8,AMBER,125,Y,N,Y,N,Y,OVERDUE_PO;CONTRACT_EXPIRING_90D
2026-08-12T10:00:00+08:00,SYNTHETIC INTERNAL DEMO,REQ-0230,13/3/2026,Flight Operations,URGENT,Facilities,Facilities operational requirement 0230,22440.74,BUDGETED,N,Department Manager,APPROVED,SUP-008,Horizon Supply 08,Japan,LOW,APPROVED,CLEARED,N,CTR-006,Facilities Framework 06,EXPIRING,25/4/2024,14/10/2026,494898.92,Y,30,PO-0230,17/3/2026,16/4/2026,CANCELLED,6929.57,USD,Facilities Buying Team,CC-015,2,5,6929.57,Terminal office cleaning; Ground power inspection,,,,,,,,INV-0230,20/4/2026,6929.57,MATCHED,NONE,0,4/6/2026,SCHEDULED,1/8/2026,89.7,94.4,98.8,1,93.6,GREEN,0,N,N,Y,N,Y,CONTRACT_EXPIRING_90D
2026-08-12T10:00:00+08:00,SYNTHETIC INTERNAL DEMO,REQ-0231,18/3/2026,Airport Operations,NORMAL,Uniforms,Uniforms operational requirement 0231,128139.15,BUDGETED,Y,Business VP,APPROVED,SUP-011,Aero Services 11,Thailand,LOW,APPROVED,CLEARED,Y,CTR-007,Uniforms Framework 07,EXPIRING,18/5/2024,22/10/2026,247366.36,N,60,PO-0231,23/3/2026,23/4/2026,PARTIALLY_RECEIVED,11480.53,USD,Uniforms Buying Team,CC-016,2,7,11480.53,Ground staff uniform set; Safety footwear,,,,,,,,INV-0231,27/4/2026,11480.53,MATCHED,NONE,0,11/6/2026,SCHEDULED,1/8/2026,91.3,93.3,98.2,0,93.7,GREEN,111,Y,N,Y,N,Y,OVERDUE_PO;CONTRACT_EXPIRING_90D
2026-08-12T10:00:00+08:00,SYNTHETIC INTERNAL DEMO,REQ-0232,23/3/2026,Inflight Services,NORMAL,Professional Services,Professional Services operational requirement 0232,28481.04,BUDGETED,N,Department Director,APPROVED,SUP-014,Altitude Services 14,Germany,LOW,APPROVED,CLEARED,N,CTR-008,Professional Services Framework 08,EXPIRING,10/6/2024,30/10/2026,734603.89,N,90,PO-0232,29/3/2026,30/4/2026,CLOSED,11247.61,USD,Professional Services Buying Team,CC-017,2,9,11247.61,Legal advisory; Technical consulting,,,,,,,,INV-0232,4/5/2026,11472.56,EXCEPTION,QUANTITY_VARIANCE,224.95,18/6/2026,ON_HOLD,1/8/2026,85,92.8,93.3,1,89.8,AMBER,0,N,N,Y,Y,Y,CONTRACT_EXPIRING_90D;INVOICE_QUANTITY_VARIANCE
2026-08-12T10:00:00+08:00,SYNTHETIC INTERNAL DEMO,REQ-0233,28/3/2026,Digital,NORMAL,MRO Parts,MRO Parts operational requirement 0233,389167.91,BUDGETED,N,Business VP,APPROVED,SUP-017,Wingtip Services 17,Malaysia,LOW,SUSPENDED,HOLD,Y,CTR-001,MRO Parts Framework 01,EXPIRING,1/1/2024,4/9/2026,184973.78,N,60,PO-0233,4/4/2026,7/5/2026,OPEN,115910.63,USD,MRO Parts Buying Team,CC-018,2,11,115910.63,Hydraulic pump assembly; Brake wear kit,,,,,,,,INV-0233,11/5/2026,115910.63,EXCEPTION,DUPLICATE_RISK,0,25/6/2026,ON_HOLD,1/8/2026,95.3,92.8,95.7,0,94.5,GREEN,97,Y,N,Y,Y,Y,OVERDUE_PO;CONTRACT_EXPIRING_90D;INVOICE_DUPLICATE_RISK;SCREENING_HOLD
2026-08-12T10:00:00+08:00,SYNTHETIC INTERNAL DEMO,REQ-0234,2/4/2026,Corporate Services,NORMAL,Fuel,Fuel operational requirement 0234,412375.67,BUDGETED,N,Business VP,PENDING_APPROVAL,SUP-020,Terminal Services 20,United Kingdom,MEDIUM,APPROVED,CLEARED,N,CTR-002,Fuel Framework 02,EXPIRING,24/1/2024,12/9/2026,239082.17,N,90,PO-0234,10/4/2026,14/5/2026,PARTIALLY_RECEIVED,20930,USD,Fuel Buying Team,CC-001,2,13000,20930,Fuel quality inspection; Into-plane service,,,,,,,,INV-0234,18/5/2026,20930,MATCHED,NONE,0,2/7/2026,SCHEDULED,1/8/2026,81,88.5,89.6,2,85.8,AMBER,90,Y,N,Y,N,Y,OVERDUE_PO;CONTRACT_EXPIRING_90D
2026-08-12T10:00:00+08:00,SYNTHETIC INTERNAL DEMO,REQ-0235,7/4/2026,Engineering,URGENT,Ground Handling,Ground Handling operational requirement 0235,151246.96,BUDGETED,N,Business VP,APPROVED,SUP-023,Runway Logistics 23,United Arab Emirates,LOW,APPROVED,CLEARED,N,CTR-003,Ground Handling Framework 03,EXPIRING,16/2/2024,20/9/2026,86534.73,N,30,PO-0235,16/4/2026,21/5/2026,OPEN,12082.14,USD,Ground Handling Buying Team,CC-002,2,15,12082.14,Pushback service; Load-control service,,,,,,,,INV-0235,25/5/2026,12625.84,EXCEPTION,PRICE_VARIANCE,543.7,9/7/2026,ON_HOLD,1/8/2026,95.3,97.7,94.6,0,96,GREEN,83,Y,N,Y,Y,Y,OVERDUE_PO;CONTRACT_EXPIRING_90D;INVOICE_PRICE_VARIANCE
2026-08-12T10:00:00+08:00,SYNTHETIC INTERNAL DEMO,REQ-0236,12/4/2026,Flight Operations,NORMAL,Catering,Catering operational requirement 0236,144606.87,BUDGETED,N,Business VP,APPROVED,SUP-026,Jetstream Logistics 26,Singapore,HIGH,APPROVED,CLEARED,Y,CTR-004,Catering Framework 04,EXPIRING,10/3/2024,28/9/2026,267934.75,N,60,PO-0236,22/4/2026,28/5/2026,CLOSED,26862.48,USD,Catering Buying Team,CC-003,2,17,26862.48,Catering uplift service; Economy meal set,,,,,,,,INV-0236,1/6/2026,26862.48,MATCHED,NONE,0,16/7/2026,SCHEDULED,1/8/2026,70.5,81.9,87.9,4,78.8,RED,0,N,N,Y,N,Y,CONTRACT_EXPIRING_90D;SUPPLIER_HIGH_RISK;SCORECARD_RED
2026-08-12T10:00:00+08:00,SYNTHETIC INTERNAL DEMO,REQ-0237,17/4/2026,Airport Operations,NORMAL,IT and Cloud,IT and Cloud operational requirement 0237,127118.93,BUDGETED,N,Business VP,APPROVED,SUP-029,Cloudline Logistics 29,United States,LOW,APPROVED,CLEARED,N,CTR-005,IT and Cloud Framework 05,EXPIRING,2/4/2024,6/10/2026,228008.37,N,90,PO-0237,28/4/2026,4/6/2026,PARTIALLY_RECEIVED,39129.09,USD,IT and Cloud Buying Team,CC-004,2,19,39129.09,Cloud compute subscription; Endpoint security licence,,,,,,,,INV-0237,8/6/2026,39129.09,MATCHED,NONE,0,23/7/2026,PAID,1/8/2026,88.7,96.1,95.9,0,93.1,GREEN,69,Y,N,Y,N,Y,OVERDUE_PO;CONTRACT_EXPIRING_90D
2026-08-12T10:00:00+08:00,SYNTHETIC INTERNAL DEMO,REQ-0238,22/4/2026,Inflight Services,AOG,Facilities,Restore aircraft availability for synthetic event AOG-0238,31461.86,BUDGETED,Y,CPO + Accountable Executive,APPROVED,SUP-032,Nimbus Systems 32,Japan,LOW,APPROVED,CLEARED,N,CTR-006,Facilities Framework 06,EXPIRING,25/4/2024,14/10/2026,494898.92,Y,30,PO-0238,4/5/2026,7/5/2026,OPEN,32101.82,USD,Facilities Buying Team,CC-005,2,21,32101.82,Terminal office cleaning; Ground power inspection,,,,,,,,INV-0238,15/6/2026,32101.82,MATCHED,NONE,0,30/7/2026,SCHEDULED,1/8/2026,94.5,90.7,97,1,93.8,GREEN,97,Y,N,Y,N,Y,AOG_REQUEST;OVERDUE_PO;CONTRACT_EXPIRING_90D
2026-08-12T10:00:00+08:00,SYNTHETIC INTERNAL DEMO,REQ-0239,27/4/2026,Digital,NORMAL,Uniforms,Uniforms operational requirement 0239,123448.88,BUDGETED,N,Business VP,APPROVED,SUP-035,Skybridge Systems 35,Thailand,MEDIUM,APPROVED,CLEARED,Y,CTR-007,Uniforms Framework 07,EXPIRING,18/5/2024,22/10/2026,247366.36,N,60,PO-0239,10/5/2026,18/6/2026,OPEN,26570.77,USD,Uniforms Buying Team,CC-006,2,23,26570.77,Ground staff uniform set; Safety footwear,,,,,,,,INV-0239,22/6/2026,26570.77,EXCEPTION,MISSING_RECEIPT,0,6/8/2026,ON_HOLD,1/8/2026,85,90,93.1,2,88.8,AMBER,55,Y,N,Y,Y,Y,OVERDUE_PO;CONTRACT_EXPIRING_90D;INVOICE_MISSING_RECEIPT
2026-08-12T10:00:00+08:00,SYNTHETIC INTERNAL DEMO,REQ-0240,2/5/2026,Corporate Services,URGENT,Professional Services,Professional Services operational requirement 0240,58565.91,BUDGETED,N,Department Director,APPROVED,SUP-038,Horizon Systems 38,Germany,LOW,APPROVED,CLEARED,N,CTR-008,Professional Services Framework 08,EXPIRING,10/6/2024,30/10/2026,734603.89,N,90,PO-0240,4/5/2026,13/6/2026,CANCELLED,21819.84,USD,Professional Services Buying Team,CC-007,2,13,21819.84,Legal advisory; Technical consulting,,,,,,,,INV-0240,17/6/2026,21819.84,MATCHED,NONE,0,1/8/2026,SCHEDULED,1/8/2026,86,94.4,98.3,1,92,AMBER,0,N,N,Y,N,Y,CONTRACT_EXPIRING_90D
2026-08-12T10:00:00+08:00,SYNTHETIC INTERNAL DEMO,REQ-0241,7/5/2026,Engineering,NORMAL,MRO Parts,MRO Parts operational requirement 0241,406988.54,BUDGETED,N,Business VP,APPROVED,SUP-001,Aero Supply 01,Malaysia,LOW,APPROVED,CLEARED,Y,CTR-001,MRO Parts Framework 01,EXPIRING,1/1/2024,4/9/2026,184973.78,N,60,PO-0241,10/5/2026,20/6/2026,OPEN,20683.91,USD,MRO Parts Buying Team,CC-008,2,3,20683.91,Hydraulic pump assembly; Brake wear kit,,,,,,,,,,,,,,,,1/8/2026,88.3,96.9,93.2,0,92.5,GREEN,53,Y,N,Y,N,Y,OVERDUE_PO;CONTRACT_EXPIRING_90D
2026-08-12T10:00:00+08:00,SYNTHETIC INTERNAL DEMO,REQ-0242,12/5/2026,Flight Operations,NORMAL,Fuel,Fuel operational requirement 0242,541554.8,BUDGETED,Y,Chief Procurement Officer,APPROVED,SUP-004,Altitude Supply 04,United Kingdom,LOW,APPROVED,CLEARED,N,CTR-002,Fuel Framework 02,EXPIRING,24/1/2024,12/9/2026,239082.17,N,90,PO-0242,16/5/2026,27/6/2026,OPEN,11880,USD,Fuel Buying Team,CC-009,2,11000,11880,Fuel quality inspection; Into-plane service,,,,,,,,,,,,,,,,1/8/2026,88.9,92.4,97.2,1,92.2,GREEN,46,Y,N,Y,N,Y,OVERDUE_PO;CONTRACT_EXPIRING_90D
2026-08-12T10:00:00+08:00,SYNTHETIC INTERNAL DEMO,REQ-0243,17/5/2026,Airport Operations,NORMAL,Ground Handling,Ground Handling operational requirement 0243,39382.52,BUDGETED,N,Department Director,PENDING_APPROVAL,SUP-007,Wingtip Supply 07,United Arab Emirates,LOW,APPROVED,CLEARED,N,CTR-003,Ground Handling Framework 03,EXPIRING,16/2/2024,20/9/2026,86534.73,N,30,PO-0243,22/5/2026,4/7/2026,PARTIALLY_RECEIVED,10995.2,USD,Ground Handling Buying Team,CC-010,2,7,10995.2,Pushback service; Load-control service,,,,,,,,,,,,,,,,1/8/2026,90.4,96.9,95.5,0,94,GREEN,39,Y,N,Y,N,Y,OVERDUE_PO;CONTRACT_EXPIRING_90D
2026-08-12T10:00:00+08:00,SYNTHETIC INTERNAL DEMO,REQ-0244,22/5/2026,Inflight Services,NORMAL,Catering,Catering operational requirement 0244,62106.04,BUDGETED,N,Department Director,APPROVED,SUP-010,Terminal Supply 10,Singapore,MEDIUM,APPROVED,CLEARED,Y,CTR-004,Catering Framework 04,EXPIRING,10/3/2024,28/9/2026,267934.75,N,60,PO-0244,28/5/2026,11/7/2026,CLOSED,12760.7,USD,Catering Buying Team,CC-011,2,9,12760.7,Catering uplift service; Economy meal set,,,,,,,,,,,,,,,,1/8/2026,83.3,85.6,92.7,1,86.5,AMBER,0,N,N,Y,N,Y,CONTRACT_EXPIRING_90D
2026-08-12T10:00:00+08:00,SYNTHETIC INTERNAL DEMO,REQ-0245,27/5/2026,Digital,URGENT,IT and Cloud,IT and Cloud operational requirement 0245,155132.55,BUDGETED,N,Business VP,APPROVED,SUP-013,Runway Services 13,United States,HIGH,APPROVED,CLEARED,N,CTR-005,IT and Cloud Framework 05,EXPIRING,2/4/2024,6/10/2026,228008.37,N,90,PO-0245,3/6/2026,13/6/2026,OPEN,45310.76,USD,IT and Cloud Buying Team,CC-012,2,11,45310.76,Cloud compute subscription; Endpoint security licence,,,,,,,,,,,,,,,,1/8/2026,74.7,82.5,89.9,3,81.2,RED,60,Y,N,Y,N,Y,OVERDUE_PO;CONTRACT_EXPIRING_90D;SUPPLIER_HIGH_RISK;SCORECARD_RED
2026-08-12T10:00:00+08:00,SYNTHETIC INTERNAL DEMO,REQ-0246,1/6/2026,Corporate Services,NORMAL,Facilities,Facilities operational requirement 0246,45746.78,BUDGETED,N,Department Director,APPROVED,SUP-016,Jetstream Services 16,Japan,LOW,APPROVED,CLEARED,N,CTR-006,Facilities Framework 06,EXPIRING,25/4/2024,14/10/2026,494898.92,Y,30,PO-0246,9/6/2026,20/6/2026,PARTIALLY_RECEIVED,16831.53,USD,Facilities Buying Team,CC-013,2,13,16831.53,Terminal office cleaning; Ground power inspection,,,,,,,,,,,,,,,,1/8/2026,94.6,98,95.9,1,96.1,GREEN,53,Y,N,Y,N,Y,OVERDUE_PO;CONTRACT_EXPIRING_90D
2026-08-12T10:00:00+08:00,SYNTHETIC INTERNAL DEMO,REQ-0247,6/6/2026,Engineering,NORMAL,Uniforms,Uniforms operational requirement 0247,19312.51,UNBUDGETED,N,Department Manager,APPROVED,SUP-019,Cloudline Services 19,Thailand,LOW,APPROVED,CLEARED,Y,CTR-007,Uniforms Framework 07,EXPIRING,18/5/2024,22/10/2026,247366.36,N,60,PO-0247,15/6/2026,27/6/2026,OPEN,16931.1,USD,Uniforms Buying Team,CC-014,2,15,16931.1,Ground staff uniform set; Safety footwear,,,,,,,,,,,,,,,,1/8/2026,85.3,93.1,98.1,0,91.2,AMBER,46,Y,N,Y,N,Y,OVERDUE_PO;CONTRACT_EXPIRING_90D
2026-08-12T10:00:00+08:00,SYNTHETIC INTERNAL DEMO,REQ-0248,11/6/2026,Flight Operations,NORMAL,Professional Services,Professional Services operational requirement 0248,152720.07,BUDGETED,N,Business VP,APPROVED,SUP-022,Nimbus Logistics 22,Germany,LOW,APPROVED,CLEARED,N,CTR-008,Professional Services Framework 08,EXPIRING,10/6/2024,30/10/2026,734603.89,N,90,PO-0248,21/6/2026,4/7/2026,CLOSED,16843.26,USD,Professional Services Buying Team,CC-015,2,17,16843.26,Legal advisory; Technical consulting,,,,,,,,,,,,,,,,1/8/2026,90.2,95.7,94,1,93.1,GREEN,0,N,N,Y,N,Y,CONTRACT_EXPIRING_90D
2026-08-12T10:00:00+08:00,SYNTHETIC INTERNAL DEMO,REQ-0249,16/6/2026,Airport Operations,NORMAL,MRO Parts,MRO Parts operational requirement 0249,345991.07,BUDGETED,N,Business VP,APPROVED,SUP-025,Skybridge Logistics 25,Malaysia,MEDIUM,APPROVED,CLEARED,Y,CTR-001,MRO Parts Framework 01,EXPIRING,1/1/2024,4/9/2026,184973.78,N,60,PO-0249,27/6/2026,11/7/2026,PARTIALLY_RECEIVED,120059.89,USD,MRO Parts Buying Team,CC-016,2,19,120059.89,Hydraulic pump assembly; Brake wear kit,,,,,,,,,,,,,,,,1/8/2026,81.7,86.3,91.2,1,85.7,AMBER,32,Y,N,Y,N,Y,OVERDUE_PO;CONTRACT_EXPIRING_90D
2026-08-12T10:00:00+08:00,SYNTHETIC INTERNAL DEMO,REQ-0250,21/6/2026,Inflight Services,URGENT,Fuel,Fuel operational requirement 0250,963147.8,BUDGETED,N,Chief Procurement Officer,APPROVED,SUP-028,Horizon Logistics 28,United Kingdom,LOW,APPROVED,CLEARED,N,CTR-002,Fuel Framework 02,EXPIRING,24/1/2024,12/9/2026,239082.17,N,90,PO-0250,3/7/2026,18/7/2026,CANCELLED,25175,USD,Fuel Buying Team,CC-017,2,19000,25175,Fuel quality inspection; Into-plane service,,,,,,,,,,,,,,,,1/8/2026,91.2,96,94.8,1,93.8,GREEN,0,N,N,Y,N,Y,CONTRACT_EXPIRING_90D
